Plant,Side,tissue,enriched,received15N,N_level,Failed_split,Actual_fungi_at_harvest,Actual_fungus_by_compartment,mycofungus,APE13C,APE15N,pctC,pctN,CNratio
6052,b,uncolonized_roots,1,N,High,N,MIXED/THETE,MIXED,NM,0.0226030295101598,-8.904566495800958e-4,42.6,1.6,26.5
6077,a,mycorrhizas,1,N,Low,N,SUIPU/SUIPU,SUIPU,SUIPU,0.013831292016478036,4.2335414013722206e-4,35.2,1,33.9
6045,b,uncolonized_roots,1,Y,Low,N,THETE/THETE,THETE,THETE,0.004882076837188887,-0.001321102170759536,46.4,0.6,83.4
6056,b,uncolonized_roots,1,Y,Low,N,MIXED/SUIPU,SUIPU,SUIPU,0.004134403257624486,-5.10907751252343e-4,46.9,0.7,66.7
6084,b,uncolonized_roots,1,N,Low,N,SUIPU/SUIPU,SUIPU,SUIPU,0.011500694138669054,-5.875471996402148e-4,47.4,0.7,72.3
6071,a,mycorrhizas,1,Y,Low,N,THETE/SUIPU,THETE,THETE,0.0032327818493091964,-6.641867659340495e-4,42.2,0.9,45.1
6028,a,mycorrhizas,1,N,High,N,MIXED/THETE,MIXED,SUIPU,0.013743346920825461,-8.39363360213452e-4,31.3,1.6,19
6004,b,mycorrhizas,0,NA,NA,NA,SUIPU,SUIPU,SUIPU,6.598129408619258e-5,5.474344795290964e-4,40.2,1,40.6
6091,a,uncolonized_roots,0,N,High,N,THETE/NM,THETE,THETE,6.157876024526221e-4,-6.021452031772512e-4,45.7,1.5,30.2
6073,a,uncolonized_roots,0,N,High,N,THETE/THETE,THETE,THETE,-0.0013415507053822218,-5.838976994242406e-4,35.4,1.5,23.4
6091,a,hyphae,0,N,High,N,THETE/NM,THETE,THETE,0.0015174567178264375,2.0803752359283e-4,7.3,0.5,13.9
6004,b,uncolonized_roots,0,NA,NA,NA,SUIPU,SUIPU,SUIPU,8.79692459621717e-4,-2.773406357645114e-4,43,0.7,61.5
6073,b,mycorrhizas,0,N,High,N,THETE/THETE,THETE,THETE,-4.728348176867847e-4,-5.10907751252343e-4,37.4,1.9,19.3
6066,a,uncolonized_roots,1,N,High,N,THETE/THETE,THETE,THETE,0.018360253026545426,-0.0011459238824627627,42.8,1.6,27.2
6015,a,mycorrhizas,1,N,High,N,THETE/SUIPU,SUIPU,SUIPU,0.01511747117134421,-4.56165360305294e-4,10.7,1.2,9.3
6098,a,uncolonized_roots,1,Y,High,N,MIXED/THETE,MIXED,NM,0.008466354964331124,5.985262941544667e-4,46.8,1.7,27.7
6070,a,mycorrhizas,1,Y,High,N,THETE/THETE,THETE,THETE,0.03135123282365626,0.00275163370347431,40.5,2.6,15.6
6078,b,uncolonized_roots,1,N,Low,N,THETE/SUIPU,SUIPU,SUIPU,0.009730685578526854,-5.401037176877566e-4,46.9,0.9,51.7
6040,a,mycorrhizas,1,N,High,N,THETE/NM,THETE,THETE,0.014820663566123882,5.729803933919309e-4,39.4,3.6,10.9
6093,b,uncolonized_roots,1,Y,High,N,THETE/THETE,THETE,THETE,0.017447898612021007,-2.7369115827413637e-4,45.8,2.7,16.7
6019,a,uncolonized_roots,1,Y,Low,N,SUIPU/SUIPU,SUIPU,SUIPU,0.009356886849290369,-7.116303660598677e-4,45.2,0.9,50.8
6034,a,mycorrhizas,1,Y,High,N,MIXED/THETE,THETE,THETE,0.01450186822817523,4.963426125029202e-4,35.7,3.6,9.9
6063,b,uncolonized_roots,1,N,High,N,SUIPU/NM,NM,NM,0.009455833846683026,-5.583512053991546e-4,46.3,1.3,34.4
6075,a,mycorrhizas,1,Y,Low,N,THETE/THETE,THETE,THETE,0.0032767637627519886,1.4616718613580382e-5,43.9,0.7,59.7
6002,b,uncolonized_roots,1,Y,High,N,MIXED/SUIPU,MIXED,NM,0.01883291194760317,-0.0015692724670076652,39.2,1.5,27
6084,a,uncolonized_roots,1,Y,Low,N,SUIPU/SUIPU,SUIPU,SUIPU,0.007718735568214674,-8.795080831615065e-4,45,0.7,63.9
6072,a,uncolonized_roots,1,N,Low,N,THETE/THETE,THETE,THETE,0.0025400615535444704,-0.0010473863660031557,47.9,0.8,59.2
6052,b,mycorrhizas,1,N,High,N,MIXED/THETE,MIXED,SUIPU,0.11250599950724904,8.030688754029347e-5,18.9,1.8,10.4
6032,a,hyphae,1,N,Low,N,THETE/THETE,THETE,THETE,0.0012645511855917668,-0.002266345647666146,39.4,1.7,23
6029,b,uncolonized_roots,1,Y,Low,N,THETE/THETE,THETE,THETE,0.010401317393731846,-4.707633253426269e-4,46.4,0.8,55.2
6094,a,mycorrhizas,1,Y,High,N,THETE/THETE,THETE,THETE,0.010731132983286873,2.9214541416577866e-5,41.2,2,20.2
6085,a,uncolonized_roots,1,N,Low,N,THETE/SUIPU,THETE,THETE,0.0042113701773915935,-0.0013794950704167364,45.6,0.8,58.9
6093,a,uncolonized_roots,1,N,High,N,THETE/THETE,THETE,THETE,0.024042852787608204,-0.001175120221067083,43.3,1.8,23.6
6087,a,uncolonized_roots,1,N,High,N,THETE/THETE,THETE,THETE,0.010797095837256743,-8.685595191491591e-4,47.1,2.9,16.2
6016,b,uncolonized_roots,1,Y,Low,N,THETE/NM,NM,NM,0.007421883555783326,-9.30601413702159e-4,46.3,0.6,81.6
6082,a,hyphae,1,Y,High,N,FAILED,OTHER,OTHER,0.010060505640469675,0.0020911140378132576,14.9,1.4,11.1
6064,a,mycorrhizas,1,Y,High,N,THETE/SUIPU,SUIPU,SUIPU,0.011643611320497849,-3.28433348701862e-4,36.8,1.8,20.7
6048,a,uncolonized_roots,1,N,High,N,THETE/NM,NM,NM,0.008609280915019113,-6.824342990967569e-4,42.8,1.5,27.8
6014,a,uncolonized_roots,1,Y,High,N,NM/NM,NM,NM,0.025570558363084084,-0.0015583237513989157,42.8,2.2,19.2
6051,b,uncolonized_roots,1,N,High,N,THETE/NM,THETE,THETE,0.005860632533211341,-1.642069578853267e-4,44.7,1.6,27.9
6059,b,mycorrhizas,1,N,High,Y,THETE,THETE,THETE,0.017052173391278735,4.5619896593568354e-4,40,3.5,11.6
6097,a,uncolonized_roots,1,Y,High,N,THETE/THETE,THETE,THETE,0.03364792918395754,-1.8245430790692074e-4,37.8,1.5,24.5
6012,a,uncolonized_roots,1,Y,High,N,THETE/SUIPU,THETE,THETE,0.02430663266099531,-2.3719639807545656e-4,45.3,1.2,38.8
6090,b,uncolonized_roots,1,N,High,N,THETE/NM,NM,NM,0.018876879989659034,-0.001456135855088636,45.8,3.4,13.6
6028,b,uncolonized_roots,1,Y,High,N,MIXED/THETE,THETE,THETE,0.0060915248743094175,-8.466623983431898e-4,45.1,1.6,28.9
6057,b,uncolonized_roots,1,N,Low,N,THETE/NM,THETE,THETE,0.004123407973594562,-7.335274275114823e-4,43.3,0.6,78.2
6087,a,mycorrhizas,1,N,High,N,THETE/THETE,THETE,THETE,0.0018693231331914362,2.1533640718940372e-4,42.6,2.9,14.5
6066,a,mycorrhizas,1,N,High,N,THETE/THETE,THETE,THETE,0.03793334527160663,-2.3719639807545656e-4,38.1,2.7,13.9
6090,a,uncolonized_roots,1,Y,High,N,THETE/NM,THETE,THETE,0.033494086828425695,-0.0011641715920852058,47,1.8,26.5
6025,a,hyphae,1,Y,High,N,THETE/SUIPU,THETE,THETE,0.01962433072348735,0.0026421559113664617,10.5,0.8,13.5
6043,a,uncolonized_roots,1,N,High,N,SUIPU/SUIPU,SUIPU,SUIPU,0.013523483497465794,-0.0014378880385196857,39.6,0.9,42.4
6087,b,uncolonized_roots,1,Y,High,N,THETE/THETE,THETE,THETE,0.0026940002355033688,-6.933828222026595e-4,45.4,2.7,16.6
6068,b,hyphae,1,Y,High,N,THETE/NM,THETE,THETE,0.001990276635336574,0.0014086894940240624,17.3,2.1,8.1
6094,b,hyphae,1,N,High,N,THETE/THETE,THETE,THETE,0.008037574633984246,-0.001178769764595744,19.5,1.7,11.2
6006,a,uncolonized_roots,1,Y,High,N,THETE/THETE,THETE,THETE,0.025570558363084084,0.0010911946748844437,43.6,1.8,24
6080,a,mycorrhizas,1,Y,Low,N,THETE/THETE,THETE,THETE,0.005036008229930999,-2.9193854839937305e-4,38.8,0.9,43.1
6065,a,hyphae,1,N,High,N,THETE/THETE,THETE,THETE,0.005959586525670968,0.0013028581124819305,42.5,1.9,22.6
6050,b,mycorrhizas,1,Y,High,N,SUIPU/SUIPU,SUIPU,SUIPU,0.02149290813204563,2.0438808139339182e-4,22.5,1.8,12.8
6012,b,uncolonized_roots,1,N,High,N,THETE/SUIPU,SUIPU,SUIPU,0.06127684493631902,5.510838965971931e-4,17.2,1.5,11.2
6058,a,uncolonized_roots,1,Y,Low,N,NM/NM,NM,NM,0.003716580746080167,-2.1877857108831833e-5,45.9,0.7,64.7
6010,a,hyphae,1,Y,High,N,THETE/NM,THETE,THETE,0.007201992027461301,0.001339351717721815,12,1.1,10.7
6099,a,hyphae,1,N,High,N,THETE/THETE,THETE,THETE,0.033636940460150866,0.0014378843183308065,20.4,1.5,13.6
6075,b,hyphae,1,N,Low,N,THETE/THETE,THETE,THETE,0.012347197578724156,1.569453084729333e-4,35.8,1.5,23.7
6061,a,uncolonized_roots,1,Y,Low,N,THETE/NM,NM,NM,0.007136024378321171,-0.0012809570919493085,53.5,0.9,59
6094,b,mycorrhizas,1,N,High,N,THETE/THETE,THETE,THETE,0.013061767126727464,-6.824342990967569e-4,26.6,1.4,19.1
6075,b,mycorrhizas,1,N,Low,N,THETE/THETE,THETE,THETE,0.005607749208550672,-5.1073536936452335e-5,43.2,0.9,47.1
6007,b,mycorrhizas,1,N,Low,N,SUIPU/NM,SUIPU,SUIPU,0.014677755565315698,-2.992375063211039e-4,26.1,1.5,17.7
6006,b,mycorrhizas,1,N,High,N,THETE/THETE,THETE,THETE,0.015821008008825466,6.75163917840893e-4,40.4,2.4,17
6085,b,uncolonized_roots,1,Y,Low,N,THETE/SUIPU,SUIPU,SUIPU,0.004167389095047991,-0.0015948194794525028,44.4,1.2,36.8
6066,a,hyphae,1,N,High,N,THETE/THETE,THETE,THETE,0.03315343419488004,1.27749733448701e-4,24.9,3.3,7.4
6001,a,uncolonized_roots,1,Y,Low,N,SUIPU/NM,SUIPU,SUIPU,0.0035846360617450834,-3.831755992851349e-4,41.2,0.9,44.6
6023,b,uncolonized_roots,1,N,High,N,THETE/THETE,THETE,THETE,0.02879067523123502,-0.0011641715920852058,46.8,2.9,16.2
6099,b,mycorrhizas,1,Y,High,N,THETE/THETE,THETE,THETE,0.02185562379867756,0.0029778870447290107,40.9,1.8,22.2
6064,b,uncolonized_roots,1,N,High,N,THETE/SUIPU,THETE,THETE,0.01299580729329941,-6.240422165038062e-4,45.2,1.4,32.1
6078,b,mycorrhizas,1,N,Low,N,THETE/SUIPU,SUIPU,SUIPU,0.015821008008825466,6.934109537218291e-4,41.7,1.2,35.2
6069,b,uncolonized_roots,1,N,Low,N,THETE/NM,NM,NM,0.008631269486156778,-2.773406357645114e-4,39.6,0.6,63.4
6092,b,mycorrhizas,1,N,Low,N,SUIPU/SUIPU,SUIPU,SUIPU,0.01889886399602725,2.95624056170396e-4,36,1.1,34.1
6067,a,mycorrhizas,1,N,Low,N,MIXED/THETE,THETE,THETE,0.0028259472958422904,-3.2113438650249737e-4,43.8,1,44.3
6066,b,uncolonized_roots,1,Y,High,N,THETE/THETE,THETE,THETE,0.018711999630377507,-6.167432109921434e-4,41.6,1.3,33
6008,b,uncolonized_roots,1,Y,Low,N,SUIPU/SUIPU,SUIPU,SUIPU,0.003573640655495147,-3.3208283020252916e-4,37.9,0.7,53.9
6069,a,mycorrhizas,1,Y,Low,N,THETE/NM,THETE,THETE,0.005816652917456588,6.824627329953259e-4,40.5,0.9,43.2
6006,b,uncolonized_roots,1,N,High,N,THETE/THETE,THETE,THETE,0.02242717035905417,-4.92660280919266e-4,44.6,1.5,30
6097,b,mycorrhizas,1,N,High,N,THETE/THETE,THETE,THETE,0.05436831745602655,2.445319308815863e-4,30.1,3.3,9
6055,b,mycorrhizas,1,N,High,N,THETE/THETE,THETE,THETE,0.008598286625784546,-1.7880483736792963e-4,39.3,3,13
6079,a,uncolonized_roots,1,N,Low,N,SUIPU/NM,SUIPU,SUIPU,0.0040684315167789364,-8.138167351812164e-4,46.6,0.7,62.8
6022,b,uncolonized_roots,1,N,High,N,THETE/THETE,THETE,THETE,0.023185558481169988,-3.028869856829264e-4,37.6,1.4,26.6
6067,b,uncolonized_roots,1,Y,Low,N,MIXED/THETE,MIXED,NM,0.0026170309544140125,-0.00134664905593751,47.8,0.8,62.9
6033,b,mycorrhizas,1,Y,Low,N,MIXED/SUIPU,SUIPU,SUIPU,0.02005301060536402,0.0015035726104622449,32.2,1.8,17.9
6093,b,mycorrhizas,1,Y,High,N,THETE/THETE,THETE,THETE,0.01876695981122012,0.003229683909854675,37,2,18.7
6057,a,mycorrhizas,1,Y,Low,N,MIXED/SUIPU,MIXED,THETE,0.00975267365108734,3.9415872124748397e-4,42.6,1,44.3
6023,a,mycorrhizas,1,Y,High,N,THETE/THETE,THETE,THETE,0.028526919277042095,0.009812443091747558,46.4,2.5,18.3
6072,a,hyphae,1,N,Low,N,THETE/THETE,THETE,THETE,0.0032987547048068944,-1.71505897091917e-4,36.2,1.6,23
6025,b,uncolonized_roots,1,N,High,N,THETE/SUIPU,SUIPU,SUIPU,0.03981221827374681,-0.001003591976806606,44.1,1.2,37.3
6026,b,mycorrhizas,1,N,High,N,THETE/THETE,THETE,THETE,0.021679761989539026,0.002456043112603057,41.7,2.4,17.2
6052,b,mycorrhizas,1,N,High,N,MIXED/THETE,MIXED,THETE,0.12205002480748939,2.773768745827909e-4,35.5,2.4,14.8
6056,b,mycorrhizas,1,Y,Low,N,MIXED/SUIPU,SUIPU,SUIPU,0.004475255850144633,0.0011276884351851257,22.7,0.6,36.9
6056,a,mycorrhizas,1,N,Low,N,MIXED/SUIPU,MIXED,SUIPU,0.022526091208506127,2.8467574801988027e-4,26.8,0.8,33.5
6074,a,uncolonized_roots,1,N,Low,N,NM/NM,NM,NM,0.0069930941699971605,5.401356445906558e-4,48.9,0.8,64.8
6038,b,uncolonized_roots,1,Y,High,N,THETE/THETE,THETE,THETE,0.01773369819095838,-1.3866067908407942e-4,48.1,1.8,26.6
6035,a,uncolonized_roots,1,N,Low,N,THETE/THETE,THETE,THETE,0.006344405725396074,-9.486708876055294e-5,43.6,0.8,55.2
6016,a,mycorrhizas,1,N,Low,N,THETE/NM,THETE,THETE,0.006839168868316259,-1.0581548273219665e-4,37.5,0.8,47.5
6002,a,mycorrhizas,1,N,High,N,MIXED/SUIPU,SUIPU,SUIPU,0.029340162283762128,0.0010984934290833026,19.6,1.8,10.6
6068,a,uncolonized_roots,1,N,High,N,THETE/NM,NM,NM,0.0034087092684145226,-0.0012006670313824408,41.5,1.7,24.8
6006,b,hyphae,1,N,High,N,THETE/THETE,THETE,THETE,0.006839168868316259,0.0021823465571397804,18.3,1.8,10
6082,a,uncolonized_roots,1,Y,High,N,FAILED,OTHER,OTHER,-2.199204016031242e-4,6.642156931041532e-4,35.1,1.5,23.7
6038,b,mycorrhizas,1,Y,High,N,THETE/THETE,THETE,THETE,0.04125154051905788,0.004200367160267726,42.9,2.1,20.1
6035,b,mycorrhizas,1,Y,Low,N,THETE/THETE,THETE,THETE,0.005574764331746751,-9.121762463820682e-5,47.1,1.3,36.6
6031,b,uncolonized_roots,1,N,Low,N,THETE/NM,NM,NM,0.009455833846683026,-1.2771227789387662e-4,42.9,0.8,53.1
6035,b,uncolonized_roots,1,Y,Low,N,THETE/THETE,THETE,THETE,0.00857629803998261,-3.028869856829264e-4,48.2,0.9,52.8
6053,b,mycorrhizas,1,N,Low,N,THETE/SUIPU,SUIPU,SUIPU,0.011511687782703506,5.218885525661299e-4,37.2,0.9,40.7
6020,a,uncolonized_roots,1,N,Low,N,SUIPU/SUIPU,SUIPU,SUIPU,0.010720139165737885,-4.744128172703421e-4,40.8,0.6,63.1
6026,a,uncolonized_roots,1,Y,High,N,THETE/THETE,THETE,THETE,0.014578819015147904,-1.0946494792402062e-4,46.4,1.9,24.6
6012,a,hyphae,1,Y,High,N,THETE/SUIPU,THETE,THETE,0.014040160991854789,0.008170483708488274,4.2,0.3,12.9
6038,a,mycorrhizas,1,N,High,N,THETE/THETE,THETE,THETE,0.06400045049432634,-4.6711383368225334e-4,44.9,2.4,18.9
6050,a,mycorrhizas,1,N,High,N,SUIPU/SUIPU,SUIPU,SUIPU,0.022657985366622002,-1.2041334510382029e-4,14.9,1.2,12.3
6092,b,uncolonized_roots,1,N,Low,N,SUIPU/SUIPU,SUIPU,SUIPU,0.005299889502883737,-3.3208283020252916e-4,48.1,0.6,74.1
6008,a,uncolonized_roots,1,N,Low,N,SUIPU/SUIPU,SUIPU,SUIPU,0.004882076837188887,-1.4231014668225628e-4,44.7,1.1,40.5
6013,a,mycorrhizas,1,N,Low,N,SUIPU/NM,SUIPU,SUIPU,0.025043010693769352,5.145897138847388e-4,37.4,1.2,32.1
6022,a,mycorrhizas,1,Y,High,N,THETE/THETE,THETE,THETE,0.018711999630377507,4.016290571162706e-5,26.5,1.4,18.9
6079,b,uncolonized_roots,1,Y,Low,N,SUIPU/NM,NM,NM,0.00350766816666237,-8.756816078292484e-5,46.7,0.8,55.9
6069,a,hyphae,1,Y,Low,N,THETE/NM,THETE,THETE,0.0027599738096735216,2.5912968631119915e-4,36.4,1.6,22.5
6031,a,uncolonized_roots,1,Y,Low,N,THETE/NM,THETE,THETE,0.005948591647396917,-7.992186696161863e-4,45,0.6,75.7
6015,b,hyphae,1,Y,High,N,THETE/SUIPU,THETE,THETE,0.02018491135985867,0.008316437845406421,15.6,1.3,12
6040,b,uncolonized_roots,1,Y,High,N,THETE/NM,NM,NM,0.007542823479634642,-9.30601413702159e-4,44.3,1.5,29.4
6057,a,uncolonized_roots,1,Y,Low,N,MIXED/SUIPU,MIXED,NM,0.005761678342767418,-4.598148511635869e-4,48.6,0.5,91.2
6027,a,hyphae,1,Y,High,Y,THETE,THETE,THETE,0.011544668700143701,0.005094400788785425,18.4,1.3,14.6
6020,b,uncolonized_roots,1,Y,Low,N,SUIPU/SUIPU,SUIPU,SUIPU,0.010676163871104594,-3.1018594520865195e-4,42.7,0.5,90.1
6059,b,hyphae,1,N,High,Y,THETE,THETE,THETE,0.005926601883516014,0.002003530662064268,12,0.9,13.5
6036,b,uncolonized_roots,1,Y,Low,N,SUIPU/SUIPU,SUIPU,SUIPU,0.005233919316637747,-1.9340272112816637e-4,42.7,0.6,72.6
6082,b,hyphae,1,N,High,N,FAILED,OTHER,OTHER,0.008565303743415686,0.0016641436265715792,22.3,1.5,14.7
6007,b,hyphae,1,N,Low,N,SUIPU/NM,SUIPU,SUIPU,0.007322932489023826,9.634663032961899e-4,11,0.4,25.5
6050,b,uncolonized_roots,1,Y,High,N,SUIPU/SUIPU,SUIPU,SUIPU,0.009884601881156252,-9.926433855231842e-4,33.4,1.4,23.1
6021,a,uncolonized_roots,1,Y,Low,N,THETE/THETE,THETE,THETE,0.0025180702741527394,-3.35732311970649e-4,45.6,0.6,77.7
6045,a,mycorrhizas,1,N,Low,N,THETE/THETE,THETE,THETE,0.0031887998967550235,5.1111267600434385e-5,44.1,0.9,51.1
6056,a,uncolonized_roots,1,N,Low,N,MIXED/SUIPU,MIXED,NM,0.005431829611391992,-2.0435113675570937e-4,48.1,0.7,67.4
6054,a,uncolonized_roots,1,N,Low,N,THETE/NM,THETE,THETE,0.0035846360617450834,-9.85165531504073e-5,44.9,0.7,66.8
6011,b,uncolonized_roots,1,Y,Low,N,THETE/SUIPU,SUIPU,SUIPU,0.011808515247866636,-7.225788955825818e-4,46.9,0.6,84
6096,a,uncolonized_roots,1,Y,Low,N,THETE/NM,NM,NM,0.003969473740514928,8.395633882973819e-5,34,0.7,46
6059,b,uncolonized_roots,1,N,High,Y,THETE,THETE,THETE,0.012248256365999355,-5.911967001233642e-4,52.4,1.9,26.9
6030,a,uncolonized_roots,1,N,Low,N,THETE/THETE,THETE,THETE,0.009554780646113148,-8.50311917809099e-4,46.9,0.4,109.3
6013,a,uncolonized_roots,1,N,Low,N,SUIPU/NM,SUIPU,SUIPU,0.00953279248556993,-1.5690801974821422e-4,43.1,0.7,62.4
6052,a,mycorrhizas,1,Y,High,N,MIXED/THETE,THETE,THETE,0.008950102669053717,9.233230331580633e-4,32.1,1.4,23.5
6063,b,mycorrhizas,1,N,High,N,SUIPU/NM,NM,NM,0.06622974173825558,5.401356445906558e-4,30,1.6,18.9
6051,a,uncolonized_roots,1,Y,High,N,THETE/NM,NM,NM,0.007575807043903815,-4.853612946576491e-4,43.8,1.2,36.3
6048,b,mycorrhizas,1,Y,High,N,THETE/NM,THETE,THETE,0.031658930390853435,0.0048754552613339275,40.4,2.7,15.1
6050,a,uncolonized_roots,1,N,High,N,SUIPU/SUIPU,SUIPU,SUIPU,0.00862027520181008,-0.001456135855088636,44.3,1.4,30.9
6021,a,mycorrhizas,1,Y,Low,N,THETE/THETE,THETE,THETE,0.005014018060299774,-6.932084551769524e-5,38.7,0.9,45
6099,a,uncolonized_roots,1,N,High,N,THETE/THETE,THETE,THETE,0.035461035166824084,-8.795080831615065e-4,38.9,1.5,26
6079,a,mycorrhizas,1,N,Low,N,SUIPU/NM,SUIPU,SUIPU,0.0014624773643032718,8.722315516507817e-4,41.3,1.1,39.2
6088,a,mycorrhizas,1,Y,Low,N,THETE/THETE,THETE,THETE,0.004519236658719228,1.5329586253060024e-4,42.7,0.9,46.3
6075,b,uncolonized_roots,1,N,Low,N,THETE/THETE,THETE,THETE,0.008345417298825542,0.001003609541085304,52.2,0.8,63.4
6041,b,uncolonized_roots,1,Y,High,N,THETE/SUIPU,THETE,THETE,0.014007181738600716,0.0029632900859812294,36.9,1.2,31.1
6024,a,mycorrhizas,1,N,High,N,THETE/THETE,THETE,THETE,0.03225234172026625,0.0012152733508291602,47.7,2.4,19.7
6076,a,uncolonized_roots,1,Y,Low,N,THETE/NM,NM,NM,0.0047721255490542624,-4.123714908600973e-4,45.1,0.8,58.5
6090,a,mycorrhizas,1,Y,High,N,THETE/NM,THETE,THETE,0.010445292932755423,-7.444759618465691e-4,27.5,1.6,17.5
6010,b,uncolonized_roots,1,N,High,N,THETE/NM,NM,NM,0.0520725834754332,-6.276917196605947e-4,48.1,1.6,29.2
6099,b,hyphae,1,Y,High,N,THETE/THETE,THETE,THETE,0.02849394968384411,0.0035946046438556922,28.1,2,13.8
6082,b,mycorrhizas,1,N,High,N,FAILED,OTHER,OTHER,0.03730703840379168,5.875780525745333e-4,44.3,2.5,17.4
6015,a,uncolonized_roots,1,N,High,N,THETE/SUIPU,SUIPU,SUIPU,0.01971226536119053,-0.0014415376012988368,43.3,1,43
6028,b,mycorrhizas,1,Y,High,N,MIXED/THETE,THETE,THETE,0.011049952629107906,7.116579829188896e-4,22.6,0.9,24.6
6035,a,mycorrhizas,1,N,Low,N,THETE/THETE,THETE,THETE,0.0064653482840644205,-6.202192128318407e-5,46.7,1.4,32.5
6023,a,hyphae,1,Y,High,N,THETE/THETE,THETE,THETE,0.02202049367673209,0.00749908917032216,40.7,2.7,14.8
6070,b,uncolonized_roots,1,N,High,N,THETE/THETE,THETE,THETE,0.03392264648541077,-6.203927136143039e-4,47.2,2.1,22.4
6024,a,hyphae,1,N,High,N,THETE/THETE,THETE,THETE,0.023119612149667512,0.0018539087055960413,40,2.5,15.9
6068,b,uncolonized_roots,1,Y,High,N,THETE/NM,THETE,THETE,0.0021222255730573014,-0.0010510359001740799,45.6,1.9,24.4
6085,a,mycorrhizas,1,N,Low,N,THETE/SUIPU,THETE,THETE,0.004750135262095556,-3.6492817574007574e-4,41.8,1,40.2
6034,b,mycorrhizas,1,N,High,N,MIXED/THETE,MIXED,THETE,0.005915606997909162,0.002521730062153449,27.6,1.5,19
6023,a,uncolonized_roots,1,Y,High,N,THETE/THETE,THETE,THETE,0.026229985035095993,0.003120207168362532,46.4,1.7,27.8
6062,a,mycorrhizas,1,N,Low,N,SUIPU/NM,SUIPU,SUIPU,0.0548845683090724,5.218885525661299e-4,40.4,2.1,19.5
6029,a,uncolonized_roots,1,N,Low,N,THETE/THETE,THETE,THETE,0.008532320839050866,-7.517749860734835e-4,44.8,1,45.9
6054,b,uncolonized_roots,1,Y,Low,N,THETE/NM,NM,NM,0.004024450307327898,-4.56165360305294e-4,43.8,0.8,57.9
6032,b,hyphae,1,Y,Low,N,THETE/THETE,THETE,THETE,0.004508241460242202,-6.860838065314567e-4,15.1,0.7,21.6
6088,a,uncolonized_roots,1,Y,Low,N,THETE/THETE,THETE,THETE,0.0054758095693441255,-5.875471996402148e-4,45.7,0.7,67.2
6057,a,mycorrhizas,1,Y,Low,N,MIXED/SUIPU,MIXED,SUIPU,0.015128464011401555,3.2846896618499155e-4,38.3,1.2,33.1
6085,b,mycorrhizas,1,Y,Low,N,THETE/SUIPU,SUIPU,SUIPU,0.008158513052264782,3.3576783213629113e-4,45.7,1.2,38.5
6028,a,uncolonized_roots,1,N,High,N,MIXED/THETE,MIXED,NM,0.0069930941699971605,-0.0011240266397388732,45.2,1.3,34.1
6074,b,uncolonized_roots,1,Y,Low,N,NM/NM,NM,NM,0.007289948756109332,8.030688754029347e-5,69.6,1.2,59.7
6054,a,mycorrhizas,1,N,Low,N,THETE/NM,THETE,THETE,0.0038375297308359535,-2.5527316151574553e-5,45.6,1.1,43.1
6097,a,mycorrhizas,1,Y,High,N,THETE/THETE,THETE,THETE,0.03361496300521116,0.0014159882017047432,33.1,2.2,15
6096,b,uncolonized_roots,1,N,Low,N,THETE/NM,THETE,THETE,0.00458520779825089,-5.911967001233642e-4,47.3,0.8,62.5
6027,a,mycorrhizas,1,Y,High,Y,THETE,THETE,THETE,0.014875628071857827,0.003434039850243764,37.5,2.1,18.2
6006,a,mycorrhizas,1,Y,High,N,THETE/THETE,THETE,THETE,0.04377849347977203,0.006601449726569841,46.5,2.6,17.8
6076,b,uncolonized_roots,1,N,Low,N,THETE/NM,THETE,THETE,0.0037275761205528557,-2.408458728921925e-4,48.9,0.7,65.5
6011,a,hyphae,1,N,Low,N,THETE/SUIPU,THETE,THETE,0.00644335874994062,3.722621458513986e-4,32.3,1,32.5
6088,b,uncolonized_roots,1,N,Low,N,THETE/THETE,THETE,THETE,0.0050470033110803225,-8.430128791446778e-4,42.1,0.6,76.5
6098,b,mycorrhizas,1,N,High,N,MIXED/THETE,THETE,THETE,0.032582011603750294,0.004068997601523849,49.4,3.5,13.9
6014,b,uncolonized_roots,1,N,High,N,NM/NM,NM,NM,0.01196242508398404,-0.0012773075409343582,43.3,1.4,31.9
6065,b,mycorrhizas,1,Y,High,N,THETE/THETE,THETE,THETE,0.01165460493276238,1.313991812624815e-4,35,1.8,18.9
6008,a,mycorrhizas,1,N,Low,N,SUIPU/SUIPU,SUIPU,SUIPU,0.010588213164530735,0.001007258924734633,30.4,1.1,28.3
6078,a,mycorrhizas,1,Y,Low,N,THETE/SUIPU,THETE,THETE,0.007300943336191468,8.395633882973819e-5,48.3,1.2,39.8
6080,b,uncolonized_roots,1,N,Low,N,THETE/THETE,THETE,THETE,0.006102519720808219,1.4599696984396449e-4,44.8,0.6,76.4
6020,a,mycorrhizas,1,N,Low,N,SUIPU/SUIPU,SUIPU,SUIPU,0.0250540013276197,2.0438808139339182e-4,20.1,0.7,30.5
6018,b,hyphae,1,Y,High,Y,THETE,THETE,THETE,0.018788943866454577,0.0020473223691871434,20,1.3,15.8
6069,a,uncolonized_roots,1,Y,Low,N,THETE/NM,THETE,THETE,0.006069535173978791,3.978081495444874e-4,44.1,0.6,74.6
6002,a,uncolonized_roots,1,N,High,N,MIXED/SUIPU,SUIPU,SUIPU,0.00781768584307807,-8.649099983463748e-4,37.3,1.3,29.6
6084,b,mycorrhizas,1,N,Low,N,SUIPU/SUIPU,SUIPU,SUIPU,0.0051569539881355375,2.5912968631119915e-4,32.4,0.8,38.1
6064,b,mycorrhizas,1,N,High,N,THETE/SUIPU,THETE,THETE,0.06056297188351012,0.0017517275990251435,39.9,2.1,18.9
6016,a,uncolonized_roots,1,N,Low,N,THETE/NM,THETE,THETE,0.004816106093640249,-1.4231014668225628e-4,42.4,0.8,55.3
6080,b,mycorrhizas,1,N,Low,N,THETE/THETE,THETE,THETE,0.004915062175964824,8.395633882973819e-5,40.5,0.8,53.5
6085,a,hyphae,1,N,Low,N,THETE/SUIPU,THETE,THETE,0.0032327818493091964,1.5329586253060024e-4,28.9,1.1,26.2
6032,a,uncolonized_roots,1,N,Low,N,THETE/THETE,THETE,THETE,0.007531828953323494,-0.0012663588894937794,45.5,0.5,84.7
6070,b,mycorrhizas,1,N,High,N,THETE/THETE,THETE,THETE,0.03401055569950873,7.554508257223702e-4,39.5,2.3,17.1
6062,a,hyphae,1,N,Low,N,SUIPU/NM,SUIPU,SUIPU,0.007641774106450949,0.002083815429048841,22.4,0.9,24.2
6044,b,mycorrhizas,1,Y,Low,N,THETE/THETE,THETE,THETE,0.007894647031101654,-1.861037787133646e-4,47.6,1,48.2
6077,b,mycorrhizas,1,Y,Low,N,SUIPU/SUIPU,SUIPU,SUIPU,0.023471324901410018,5.802792235178877e-4,34.6,1.1,30.6
6039,a,uncolonized_roots,1,N,Low,N,THETE/NM,THETE,THETE,0.0035516498356618076,-5.765986997945394e-4,46.5,0.5,99.4
6012,a,mycorrhizas,1,Y,High,N,THETE/SUIPU,THETE,THETE,0.030614948729296376,0.006692673985692843,39.1,2.6,14.8
6015,b,mycorrhizas,1,Y,High,N,THETE/SUIPU,THETE,THETE,0.02596621542156563,0.012242443652185742,25.8,1.3,19.2
6038,a,hyphae,1,N,High,N,THETE/THETE,THETE,THETE,0.02097630849866916,3.613138545441319e-4,40.3,2.2,18.2
6068,b,mycorrhizas,1,Y,High,N,THETE/NM,THETE,THETE,0.008125529876608306,0.004211314607858063,40.1,2.7,15.1
6022,a,uncolonized_roots,1,Y,High,N,THETE/THETE,THETE,THETE,0.026317907926934447,-3.6305659057433992e-6,43.5,1.4,31.5
6034,a,uncolonized_roots,1,Y,High,N,MIXED/THETE,THETE,THETE,0.02051466170688876,-3.7952611404140635e-4,41.8,1.9,22.3
6002,b,mycorrhizas,1,Y,High,N,MIXED/SUIPU,MIXED,SUIPU,0.02015193620421818,0.0010656490267668128,41.6,2.8,14.9
6015,b,uncolonized_roots,1,Y,High,N,THETE/SUIPU,THETE,THETE,0.01641460943040829,0.001587507524355547,45.3,1,45.1
6024,a,uncolonized_roots,1,N,High,N,THETE/THETE,THETE,THETE,0.02675752004110965,-7.152798756333567e-4,48.9,1.8,27.5
6035,b,hyphae,1,Y,Low,N,THETE/THETE,THETE,THETE,0.00681717950039773,0.008163185990416322,41.6,2.2,18.9
6010,a,uncolonized_roots,1,Y,High,N,THETE/NM,THETE,THETE,0.024845178866740314,2.335836115021639e-4,46.9,1.4,32.4
6062,a,uncolonized_roots,1,N,Low,N,SUIPU/NM,SUIPU,SUIPU,0.005068993466045946,-6.787847919293988e-4,48,0.7,66.8
6094,b,uncolonized_roots,1,N,High,N,THETE/THETE,THETE,THETE,0.025812349163899073,-9.853443260043893e-4,45.7,1.9,24.4
6045,b,mycorrhizas,1,Y,Low,N,THETE/THETE,THETE,THETE,0.00647634304745992,-2.3719639807545656e-4,39.5,0.9,41.7
6055,a,uncolonized_roots,1,Y,High,N,THETE/THETE,THETE,THETE,0.009290922074382202,-0.001390443746722314,47,2.3,20.4
6049,a,mycorrhizas,1,Y,High,N,THETE/NM,THETE,THETE,0.05637837019392866,0.004565280783437431,37.1,2.8,13.3
6022,b,mycorrhizas,1,N,High,N,THETE/THETE,THETE,THETE,0.022097432765042058,9.999601571684114e-4,35.5,2.3,15.7
6019,b,uncolonized_roots,1,N,Low,N,SUIPU/SUIPU,SUIPU,SUIPU,0.007136024378321171,-2.6274272740728355e-4,42.8,0.8,56.1
6084,a,hyphae,1,Y,Low,N,SUIPU/SUIPU,SUIPU,SUIPU,0.00876320070768144,0.003981417703222023,20.4,0.6,32
6026,a,mycorrhizas,1,Y,High,N,THETE/THETE,THETE,THETE,0.018063464883455005,0.004437561319404981,41,2.3,17.8
6029,b,mycorrhizas,1,Y,Low,N,THETE/THETE,THETE,THETE,0.008884137351575339,1.8249142258303097e-4,46.9,1.5,30.5
6044,a,uncolonized_roots,1,N,Low,N,THETE/THETE,THETE,THETE,0.0037055853691632112,-5.765986997945394e-4,43.7,0.6,78.6
6033,a,mycorrhizas,1,N,Low,N,SUIPU/SUIPU,SUIPU,SUIPU,0.010269390542044343,8.320882079917435e-4,30.7,1.4,21.4
6066,b,mycorrhizas,1,Y,High,N,THETE/THETE,THETE,THETE,0.046008696835931895,0.002003530662064268,46.6,2.9,16.3
6064,a,uncolonized_roots,1,Y,High,N,THETE/SUIPU,SUIPU,SUIPU,0.006795190122702577,-0.001175120221067083,46,1.4,32.5
6036,a,uncolonized_roots,1,N,Low,N,SUIPU/SUIPU,SUIPU,SUIPU,0.005904612109858043,-0.0010181901022610629,50.3,0.6,87
6099,b,uncolonized_roots,1,Y,High,N,THETE/THETE,THETE,THETE,0.02239419669859566,-4.63464342289277e-4,41.2,1.6,25.9
6066,b,hyphae,1,Y,High,N,THETE/THETE,THETE,THETE,0.0250540013276197,0.001996232040467727,12.8,1,13.4
6043,a,mycorrhizas,1,N,High,N,SUIPU/SUIPU,SUIPU,SUIPU,0.038889272037155864,6.569168752761922e-4,28.7,2.2,13.3
6098,b,uncolonized_roots,1,N,High,N,MIXED/THETE,THETE,THETE,0.005519789488187987,-6.313412230848914e-4,42.9,1.8,23.4
6021,b,hyphae,1,N,Low,N,THETE/THETE,THETE,THETE,0.0017923525687293385,-0.001134975259897697,21.5,0.7,30.7
6031,a,mycorrhizas,1,Y,Low,N,THETE/NM,THETE,THETE,0.006597285283492793,-6.49588744216334e-4,33.5,0.7,47.8
6065,a,mycorrhizas,1,N,High,N,THETE/THETE,THETE,THETE,0.021646787830698067,1.0967262244421239e-5,29.7,1.4,21.4
6055,a,mycorrhizas,1,Y,High,N,THETE/THETE,THETE,THETE,0.0054758095693441255,-7.116303660598677e-4,44.8,2.5,18.1
6049,a,hyphae,1,Y,High,N,THETE/NM,THETE,THETE,0.014282008177049388,0.0018320127718325363,10,0.7,14.1
6041,b,mycorrhizas,1,Y,High,N,THETE/SUIPU,THETE,THETE,0.12292754376658754,0.044999390699924036,47.9,3,16.2
6007,a,uncolonized_roots,1,Y,Low,N,SUIPU/NM,NM,NM,0.005486804552721658,-9.34250939317427e-4,46.7,0.7,67.2
6097,a,hyphae,1,Y,High,N,THETE/THETE,THETE,THETE,0.005398844617262588,9.707650762094122e-4,15.4,1,15
6062,b,uncolonized_roots,1,Y,Low,N,SUIPU/NM,NM,NM,0.005376854608955428,-8.50311917809099e-4,49,0.8,63.6
6002,a,hyphae,1,N,High,N,MIXED/SUIPU,SUIPU,SUIPU,0.015985898007320865,8.174906204589383e-4,24.9,1.8,14.1
6030,b,uncolonized_roots,1,Y,Low,N,THETE/THETE,THETE,THETE,0.013094747010451213,-0.001175120221067083,44.8,0.6,69.4
6053,a,uncolonized_roots,1,Y,Low,N,THETE/SUIPU,THETE,THETE,0.003452691025413346,-6.641867659340495e-4,43.7,0.5,84.1
6071,b,mycorrhizas,1,N,Low,N,THETE/SUIPU,SUIPU,SUIPU,0.022636003031366148,2.1915630549818044e-5,43,1.1,40.1
6071,b,uncolonized_roots,1,N,Low,N,THETE/SUIPU,SUIPU,SUIPU,0.009840625843569928,-3.6305659057433992e-6,39.7,0.6,72.1
6055,b,uncolonized_roots,1,N,High,N,THETE/THETE,THETE,THETE,0.008664252324532384,-8.831576050337131e-4,51.3,2.1,24.3
6058,b,uncolonized_roots,1,N,Low,N,NM/NM,NM,NM,0.005541779432944427,-2.2624797522935447e-4,44.3,0.7,66
6061,b,mycorrhizas,1,N,Low,N,THETE/NM,THETE,THETE,0.007982602527911276,-6.860838065314567e-4,55.5,1.1,48.4
6065,a,uncolonized_roots,1,N,High,N,THETE/THETE,THETE,THETE,0.0272850494191359,-0.0010619845042910137,45.5,1.8,25.6
6021,b,uncolonized_roots,1,N,Low,N,THETE/THETE,THETE,THETE,0.002408113730523853,-9.597976261104813e-4,44.4,0.4,99.6
6055,b,hyphae,1,N,High,N,THETE/THETE,THETE,THETE,0.0012205674827603374,9.634663032961899e-4,14.6,0.9,16
6010,a,mycorrhizas,1,Y,High,N,THETE/NM,THETE,THETE,0.030900672216962022,0.0035654110835123265,35.1,1.9,18.4
6071,a,hyphae,1,Y,Low,N,THETE/SUIPU,THETE,THETE,0.003331741099555696,-0.0010619845042910137,23.1,0.8,28.2
6080,a,uncolonized_roots,1,Y,Low,N,THETE/THETE,THETE,THETE,0.006322416137499953,-0.0012371624974163442,47.3,0.6,78.5
6090,a,hyphae,1,Y,High,N,THETE/NM,THETE,THETE,0.017052173391278735,0.003977768537451187,35.1,2.6,13.3
6002,b,mycorrhizas,1,Y,High,N,MIXED/SUIPU,MIXED,THETE,0.06406634231789377,-1.822839833354184e-5,32.4,2.2,14.7
6033,b,uncolonized_roots,1,Y,Low,N,MIXED/SUIPU,SUIPU,SUIPU,0.006311421339885381,-9.34250939317427e-4,41.9,0.9,47.9
6077,a,uncolonized_roots,1,N,Low,N,SUIPU/SUIPU,SUIPU,SUIPU,0.004288336977384288,-6.49588744216334e-4,42.7,0.8,55.2
6030,a,mycorrhizas,1,N,Low,N,THETE/THETE,THETE,THETE,0.017304998203153454,-3.5033024171648997e-4,38.5,1,37.2
6020,b,mycorrhizas,1,Y,Low,N,SUIPU/SUIPU,SUIPU,SUIPU,0.03720814712046905,0.0022991239380654727,36,1.3,28.7
6032,b,mycorrhizas,1,Y,Low,N,THETE/THETE,THETE,THETE,0.005574764331746751,-7.444759618465691e-4,43.9,1,42.1
6044,a,mycorrhizas,1,N,Low,N,THETE/THETE,THETE,THETE,0.008356411644273587,-2.9176775461658977e-5,47.1,0.9,50.9
6041,a,mycorrhizas,1,N,High,N,THETE/SUIPU,SUIPU,SUIPU,0.021086223766257683,1.6059475414781366e-4,14.9,1.2,12.4
6033,a,hyphae,1,N,Low,N,SUIPU/SUIPU,SUIPU,SUIPU,0.004310327469668529,1.9343975319130458e-4,19.1,1,18.7
6099,a,mycorrhizas,1,N,High,N,THETE/THETE,THETE,THETE,0.02097630849866916,-1.0929481584875944e-5,41.2,2,20.4
6051,b,mycorrhizas,1,N,High,N,THETE/NM,THETE,THETE,0.02173471887207934,0.00168603963412145,31.1,2.1,14.7
6001,a,mycorrhizas,1,Y,Low,N,SUIPU/NM,SUIPU,SUIPU,0.013556463073283842,0.0011276884351851257,37.9,1.6,23.1
6021,b,mycorrhizas,1,N,Low,N,THETE/THETE,THETE,THETE,0.004057436218082744,-2.992375063211039e-4,38.9,0.7,54.3
6039,b,uncolonized_roots,1,Y,Low,N,THETE/NM,NM,NM,0.0038375297308359535,-1.861037787133646e-4,56.5,0.8,74.7
6070,a,uncolonized_roots,1,Y,High,N,THETE/THETE,THETE,THETE,0.029406100319721462,-2.6274272740728355e-4,50.7,2.1,24.1
6034,b,mycorrhizas,1,N,High,N,MIXED/THETE,MIXED,SUIPU,0.0015174567178264375,0.0017663249127961578,21.5,0.8,25.4
6043,b,mycorrhizas,1,Y,High,N,SUIPU/SUIPU,SUIPU,SUIPU,0.06071673002756617,-2.0800060916620344e-4,28.1,1.9,14.6
6024,b,uncolonized_roots,1,Y,High,N,THETE/THETE,THETE,THETE,0.022097432765042058,7.31780560786488e-6,48.6,1.7,27.8
6011,a,mycorrhizas,1,N,Low,N,THETE/SUIPU,THETE,THETE,0.012973820662606883,-3.831755992851349e-4,36.7,0.8,43.3
6052,a,uncolonized_roots,1,Y,High,N,MIXED/THETE,THETE,THETE,0.011599636847000827,-0.0010729331108141893,46.6,1.3,36.6
6040,a,uncolonized_roots,1,N,High,N,THETE/NM,THETE,THETE,0.008235473709920615,-3.5397972482137385e-4,42,1.3,31.4
6061,b,uncolonized_roots,1,N,Low,N,THETE/NM,THETE,THETE,0.006498332566918119,-7.225788955825818e-4,39.9,0.5,85.2
6044,b,uncolonized_roots,1,Y,Low,N,THETE/THETE,THETE,THETE,0.00875220645266328,-1.2771227789387662e-4,47,0.7,66
6045,a,uncolonized_roots,1,N,Low,N,THETE/THETE,THETE,THETE,0.0050470033110803225,-5.474027119702352e-4,44.2,0.6,77.4
6026,b,uncolonized_roots,1,N,High,N,THETE/THETE,THETE,THETE,0.01971226536119053,-7.736720651709827e-4,46.2,1.5,31.3
6011,a,uncolonized_roots,1,N,Low,N,THETE/SUIPU,THETE,THETE,0.008279451174811436,-4.999592682504717e-4,45,0.6,69.9
6067,b,mycorrhizas,1,Y,Low,N,MIXED/THETE,MIXED,SUIPU,0.00696011021710885,-1.605574886830441e-4,31.8,0.8,37.8
6008,b,mycorrhizas,1,Y,Low,N,SUIPU/SUIPU,SUIPU,SUIPU,0.004563217428184441,1.5329586253060024e-4,38.3,1.1,34.7
6053,a,mycorrhizas,1,Y,Low,N,THETE/SUIPU,THETE,THETE,0.0031887998967550235,-2.8463959154723106e-4,43.6,0.6,67.5
6029,a,mycorrhizas,1,N,Low,N,THETE/THETE,THETE,THETE,0.0042553512206249255,-0.0017152555717276918,54.5,1.5,35.6
6071,a,uncolonized_roots,1,Y,Low,N,THETE/SUIPU,THETE,THETE,0.004475255850144633,-1.0929481584875944e-5,46.3,0.6,82.3
6057,b,mycorrhizas,1,N,Low,N,THETE/NM,THETE,THETE,0.006597285283492793,4.016290571162706e-5,49.9,1,50.8
6032,b,uncolonized_roots,1,Y,Low,N,THETE/THETE,THETE,THETE,0.007850669224038764,-8.57610957542998e-4,50.4,0.6,87.6
6072,a,mycorrhizas,1,N,Low,N,THETE/THETE,THETE,THETE,0.006828174185578906,8.395633882973819e-5,43.2,1.3,33.9
6025,a,uncolonized_roots,1,Y,High,N,THETE/SUIPU,THETE,THETE,0.03831791573269672,0.0024742894961665707,42.8,1.1,39.7
6055,a,hyphae,1,Y,High,N,THETE/THETE,THETE,THETE,0.001605423556345853,-3.1748490580379984e-4,30.4,2.4,12.9
6078,a,uncolonized_roots,1,Y,Low,N,THETE/SUIPU,THETE,THETE,0.00793862479905938,-0.0018320423635135863,45.8,0.6,81.5
6007,b,uncolonized_roots,1,N,Low,N,SUIPU/NM,SUIPU,SUIPU,0.004728144965359338,-0.0015948194794525028,47.4,0.5,100.2
6077,b,uncolonized_roots,1,Y,Low,N,SUIPU/SUIPU,SUIPU,SUIPU,0.010104481482540173,-8.904566495800958e-4,46.8,0.9,53.7
6032,a,mycorrhizas,1,N,Low,N,THETE/THETE,THETE,THETE,0.003936487771094566,-4.92660280919266e-4,45.5,0.8,55.8
6094,a,uncolonized_roots,1,Y,High,N,THETE/THETE,THETE,THETE,0.018349260904860998,-0.0014342384760079874,44.8,2,22.7
6041,a,uncolonized_roots,1,N,High,N,THETE/SUIPU,SUIPU,SUIPU,0.010445292932755423,-8.39363360213452e-4,47.6,1.3,36.2
6048,b,uncolonized_roots,1,Y,High,N,THETE/NM,THETE,THETE,0.010016529759296011,-1.4231014668225628e-4,41.5,1.5,27.4
6021,a,hyphae,1,Y,Low,N,THETE/THETE,THETE,THETE,0.003089840360507967,-3.5762920819359945e-4,24.2,0.7,34.9
6023,b,mycorrhizas,1,N,High,N,THETE/THETE,THETE,THETE,0.0525339357059178,0.0018356620947948543,49.5,2.7,18.5
6053,b,uncolonized_roots,1,N,Low,N,THETE/SUIPU,SUIPU,SUIPU,0.007641774106450949,-4.963097744511424e-4,45.6,0.7,65.3
6093,a,mycorrhizas,1,N,High,N,THETE/THETE,THETE,THETE,0.027504851665630214,2.226352897165551e-4,29.8,1.6,18.4
6024,b,mycorrhizas,1,Y,High,N,THETE/THETE,THETE,THETE,0.03097759748923634,0.005280503730484332,46.3,2.8,16.7
6097,b,uncolonized_roots,1,N,High,N,THETE/THETE,THETE,THETE,0.013105740300138446,-7.116303660598677e-4,45.9,1.1,41.4
6092,a,uncolonized_roots,1,Y,Low,N,SUIPU/SUIPU,SUIPU,SUIPU,0.005904612109858043,-3.5762920819359945e-4,46,0.6,76.2
6018,b,mycorrhizas,1,Y,High,Y,THETE,THETE,THETE,0.00967571535435674,6.423192364122254e-4,38.3,2,19.3
6024,b,hyphae,1,Y,High,N,THETE/THETE,THETE,THETE,0.12167707452960985,0.015788718203993857,20.8,2,10.6
6075,a,uncolonized_roots,1,Y,Low,N,THETE/THETE,THETE,THETE,0.005453819595256926,1.5329586253060024e-4,49,0.6,80.3
6067,b,mycorrhizas,1,Y,Low,N,MIXED/THETE,MIXED,THETE,0.004431275002460433,3.6683487040778395e-6,46.2,0.9,49.4
6001,b,uncolonized_roots,1,N,Low,N,SUIPU/NM,NM,NM,0.004805110961160208,-7.809710936755865e-4,48.2,0.8,58.5
6039,a,mycorrhizas,1,N,Low,N,THETE/NM,THETE,THETE,0.0032547728109193486,-4.707633253426269e-4,37.4,0.7,51.7
6093,b,hyphae,1,Y,High,N,THETE/THETE,THETE,THETE,0.039526546279702535,0.013347945212868972,25.1,1.3,19
6028,a,mycorrhizas,1,N,High,N,MIXED/THETE,MIXED,THETE,0.023405378951008915,-8.02692338748856e-5,31.7,1.7,18.6
6025,a,mycorrhizas,1,Y,High,N,THETE/SUIPU,THETE,THETE,0.018668031441723798,0.003809906623017445,33.3,1.4,24.1
6065,b,uncolonized_roots,1,Y,High,N,THETE/THETE,THETE,THETE,0.027109206918453532,-0.0010254891665923416,47.3,1.8,26.9
6073,a,mycorrhizas,0,N,High,N,THETE/THETE,THETE,THETE,3.188929550022035e-4,0.0031931916894237244,37,3.2,11.7
6073,b,uncolonized_roots,0,N,High,N,THETE/THETE,THETE,THETE,-5.27816383617763e-4,-0.00134664905593751,45.6,1.3,36.1
6073,b,hyphae,0,N,High,N,THETE/THETE,THETE,THETE,3.2988908483622126e-4,0.0018794539494894624,4.7,0.3,14.5
6091,b,uncolonized_roots,0,N,High,N,THETE/NM,NM,NM,1.7594304469237265e-4,-0.0015327767576697737,37,1.4,27.1
6091,a,mycorrhizas,0,N,High,N,THETE/NM,THETE,THETE,2.8590455083121746e-4,0.0011130909342729756,30.4,1.7,17.5
6033,b,hyphae,1,Y,Low,N,MIXED/SUIPU,SUIPU,SUIPU,0.018448189912061874,0.0047805785672452306,23.1,1.1,21.7
6027,a,uncolonized_roots,1,Y,High,Y,THETE,THETE,THETE,0.012215275917769608,5.729803933919309e-4,47.2,1.8,25.6
6043,b,uncolonized_roots,1,Y,High,N,SUIPU/SUIPU,SUIPU,SUIPU,0.012611039844925731,-7.371769386890215e-4,45.6,1,46.3
6087,b,mycorrhizas,1,Y,High,N,THETE/THETE,THETE,THETE,0.0020892383716284435,-2.2989744924395428e-4,38.5,2,18.8
6088,b,mycorrhizas,1,N,Low,N,THETE/THETE,THETE,THETE,0.005398844617262588,-7.043313477148594e-4,46.8,0.9,52.5
6049,b,uncolonized_roots,1,N,High,N,THETE/NM,NM,NM,0.013699374314350976,-0.001321102170759536,45.8,1.6,27.9
6036,a,mycorrhizas,1,N,Low,N,SUIPU/SUIPU,SUIPU,SUIPU,0.013061767126727464,-1.4231014668225628e-4,38.4,1,37.7
6063,a,mycorrhizas,1,Y,High,N,SUIPU/NM,SUIPU,SUIPU,0.0728840722502695,6.569168752761922e-4,34.7,1.7,19.9
6025,b,mycorrhizas,1,N,High,N,THETE/SUIPU,SUIPU,SUIPU,0.03180178932473887,4.270035662953253e-4,31.4,1.6,19.4
6096,b,mycorrhizas,1,N,Low,N,THETE/NM,THETE,THETE,0.006069535173978791,-2.9176775461658977e-5,49.2,1,51
6012,b,mycorrhizas,1,N,High,N,THETE/SUIPU,SUIPU,SUIPU,0.015853986052507762,4.5619896593568354e-4,16.8,1,17.4
6036,b,mycorrhizas,1,Y,Low,N,SUIPU/SUIPU,SUIPU,SUIPU,0.004387294115665963,5.1111267600434385e-5,45.3,1.3,35.5
6049,a,uncolonized_roots,1,Y,High,N,THETE/NM,THETE,THETE,0.02185562379867756,2.9214541416577866e-5,44.5,1.7,25.9
6063,a,uncolonized_roots,1,Y,High,N,SUIPU/NM,SUIPU,SUIPU,0.006982099521478657,-0.001076582646856672,43.3,1.1,39.8
6019,a,mycorrhizas,1,Y,Low,N,SUIPU/SUIPU,SUIPU,SUIPU,0.0314281573949684,0.014271001976754571,23,1.3,17.1
6011,b,mycorrhizas,1,Y,Low,N,THETE/SUIPU,SUIPU,SUIPU,0.02042672849601357,2.919746203876028e-4,25.6,0.7,35.9
6019,b,mycorrhizas,1,N,Low,N,SUIPU/SUIPU,SUIPU,SUIPU,0.023801053334227884,9.125524060649148e-5,32.8,1.1,29.5
