Page,Original_entry_order,Date,Weigher,Plant_number,Side,Labeling_batch,Tissue,Mass_g,Notes,Notes2,,,,,,,,,,,,,,,,,
1,1,180323,AY,6092,A,FC08,extra SUIPU,0.00398,,,,,,,,,,,,,,,,,,,
1,2,180323,AY,6092,A,FC08,live mycos SUIPU %,0.00099,,,,,,,,,,,,,,,,,,,
1,3,180323,AY,6092,A,FC08,dead SUIPU %,0.00245,,,,,,,,,,,,,,,,,,,
1,4,180323,AY,6029,B,FC08,NM %,0.03447,,,,,,,,,,,,,,,,,,,
1,5,180323,AY,6052,none,FC08,before,0.01741,,,,,,,,,,,,,,,,,,,
1,6,180323,AY,6101,A,FC08,extra roots,0.3164,,,,,,,,,,,,,,,,,,,
1,7,180323,AY,6029,B,FC08,mycos %,0.00153,,,,,,,,,,,,,,,,,,,
1,8,180323,AY,6101,B,FC08,extra roots,0.39393,,,,,,,,,,,,,,,,,,,
1,9,180323,AY,6101,B,FC08,NM %,0.02948,,,,,,,,,,,,,,,,,,,
1,10,180323,AY,6101,A,FC08,mycos %,0.00604,,,,,,,,,,,,,,,,,,,
1,11,180323,AY,6101,A,FC08,other %,0.00038,,,,,,,,,,,,,,,,,,,
1,12,180323,AY,6029,B,FC08,other %,0.00476,,,,,,,,,,,,,,,,,,,
1,13,180323,AY,6029,B,FC08,mycos extra,0.00449,,,,,,,,,,,,,,,,,,,
1,14,180323,AY,6029,B,FC08,extra roots,0.2714,,,,,,,,,,,,,,,,,,,
1,15,180323,AY,6029,A,FC08,NM %,0.03121,,,,,,,,,,,,,,,,,,,
1,16,180323,AY,6029,A,FC08,mycos %,0.00009,very little,,,,,,,,,,,,,,,,,,
1,17,180323,AY,6029,A,FC08,extra mycos,0.00005,,,,,,,,,,,,,,,,,,,
1,18,180323,AY,6101,A,FC08,NM %,0.011,,,,,,,,,,,,,,,,,,,
1,19,180323,AY,6029,A,FC08,TFRs %,0.01192,,,,,,,,,,,,,,,,,,,
1,20,180323,AY,6029,A,FC08,extra roots,0.05962,,,,,,,,,,,,,,,,,,,
2,21,180316,AY,6053,B,FC08,extra roots,0.31764,,,,,,,,,,,,,,,,,,,
2,22,180316,AY,6053,B,FC08,other %,0.00181,,,,,,,,,,,,,,,,,,,
2,23,180316,AY,6053,B,FC08,NM %,0.04247,,,,,,,,,,,,,,,,,,,
2,24,180316,AY,6053,B,FC08,dead mycos %,0.01541,,,,,,,,,,,,,,,,,,,
2,25,180316,AY,6053,B,FC08,live mycos %,0.00544,,,,,,,,,,,,,,,,,,,
2,26,180316,AY,6101,none,FC08,shoot,0.7834,,,,,,,,,,,,,,,,,,,
2,27,180316,AY,6092,none,FC08,shoot,0.70137,,,,,,,,,,,,,,,,,,,
2,28,180316,AY,6029,none,FC08,shoot,0.67391,,,,,,,,,,,,,,,,,,,
2,29,180316,AY,6053,none,FC08,shoot,0.6889,,,,,,,,,,,,,,,,,,,
2,30,180316,AY,6053,A,FC08,extra roots,0.18707,,,,,,,,,,,,,,,,,,,
2,31,180316,AY,6053,A,FC08,other %,0.00438,,,,,,,,,,,,,,,,,,,
2,32,180316,AY,6053,A,FC08,NM %,0.04202,,,,,,,,,,,,,,,,,,,
2,33,180316,AY,6092,B,FC02,extra roots,0.19604,,,,,,,,,,,,,,,,,,,
2,34,180316,AY,6074,B,FC08,NM %,0.01858,,,,,,,,,,,,,,,,,,,
2,35,180316,AY,6092,B,FC08,mycos %,0.0028,,,,,,,,,,,,,,,,,,,
2,36,180316,AY,6053,A,FC08,mycos %,0.01596,,,,,,,,,,,,,,,,,,,
2,37,180316,AY,6092,B,FC08,extra mycos,0.0017,,,,,,,,,,,,,,,,,,,
2,38,180316,AY,6092,B,FC08,NM %,0.07474,,,,,,,,,,,,,,,,,,,
2,39,180316,AY,6074,B,FC08,extra roots,0.23656,,,,,,,,,,,,,,,,,,,
2,40,180316,AY,6092,A,FC08,extra roots,0.28708,,,,,,,,,,,,,,,,,,,
2,41,180316,AY,6092,A,FC08,other %,0.00016,very very little,,,,,,,,,,,,,,,,,,
2,42,180316,AY,6092,A,FC08,NM %,0.02524,,,,,,,,,,,,,,,,,,,
2,43,180316,AY,6074,A,FC08,NM %,0.02876,,,,,,,,,,,,,,,,,,,
2,44,180316,AY,6074,A,FC08,extra roots,0.42355,,,,,,,,,,,,,,,,,,,
2,45,180316,AY,6074,none,FC08,shoot,0.52569,,,,,,,,,,,,,,,,,,,
2,46,180316,AY,6018,none,FC12,before,0.00796,,,,,,,,,,,,,,,,,,,
2,47,180316,AY,6094,none,FC12,before,0.0268,,,,,,,,,,,,,,,,,,,
2,48,180316,AY,6090,none,FC12,before,0.00557,,,,,,,,,,,,,,,,,,,
2,49,180316,AY,6066,none,FC12,before,0.01532,,,,,,,,,,,,,,,,,,,
2,50,180316,AY,6065,none,FC12,before,0.01337,,,,,,,,,,,,,,,,,,,
3,51,180220,AY,6001,none,FC04,shoot,0.42952,,,,,,,,,,,,,,,,,,,
3,52,180220,AY,6032,none,FC04,shoot,0.6456,,,,,,,,,,,,,,,,,,,
3,53,180220,AY,6032,B,FC04,extra roots,0.25754,,,,,,,,,,,,,,,,,,,
3,54,180220,AY,6032,B,FC04,other %,0.02331,,,,,,,,,,,,,,,,,,,
3,55,180220,AY,6032,B,FC04,mycos %,0.02386,,,,,,,,,,,,,,,,,,,
3,56,180220,AY,6064,none,FC05,before,0.00715,,,,,,,,,,,,,,,,,,,
3,57,180220,AY,6032,B,FC04,NM %,0.02186,,,,,,,,,,,,,,,,,,,
3,59,180220,AY,6068,none,FC05,shoot,1.75271,,,,,,,,,,,,,,,,,,,
3,60,180220,AY,6068,B,FC05,extra roots,0.2621,,,,,,,,,,,,,,,,,,,
3,61,180220,AY,6068,B,FC05,other %,0.01842,,,,,,,,,,,,,,,,,,,
3,62,180220,AY,6004,none,B03,NM %,0.03779,,,,,,,,,,,,,,,,,,,
3,63,180220,AY,6068,B,FC05,dead mycos %,0.0053,,,,,,,,,,,,,,,,,,,
3,64,180220,AY,6068,B,FC05,hyphae,0.0021,,,,,,,,,,,,,,,,,,,
3,65,180220,AY,6068,B,FC05,mycos %,0.01874,,,,,,,,,,,,,,,,,,,
3,66,180220,AY,6068,B,FC05,NM %,0.01803,,,,,,,,,,,,,,,,,,,
3,67,180220,AY,6004,none,B03,shoot,0.2867,,,,,,,,,,,,,,,,,,,
3,68,180220,AY,6068,A,FC05,extra roots,0.49194,,,,,,,,,,,,,,,,,,,
3,69,180220,AY,6004,none,B03,live mycos %,0.00407,,,,,,,,,,,,,,,,,,,
3,70,180220,AY,6004,none,B03,other %,0.00276,,,,,,,,,,,,,,,,,,,
3,71,180220,AY,6068,A,FC05,other %,0.00147,,,,,,,,,,,,,,,,,,,
3,72,180220,AY,6068,A,FC05,NM %,0.03275,,,,,,,,,,,,,,,,,,,
3,73,180220,AY,6004,none,B03,extra live mycos,0.0021,,,,,,,,,,,,,,,,,,,
3,74,180220,AY,6004,none,B03,dead mycos %,0.00686,,,,,,,,,,,,,,,,,,,
3,75,180220,AY,6004,none,B03,extra roots,0.18095,,,,,,,,,,,,,,,,,,,
3,76,180220,AY,6085,none,FC06,before,0.01347,,,,,,,,,,,,,,,,,,,
3,77,180220,AY,6008,none,FC06,before,0.00431,,,,,,,,,,,,,,,,,,,
3,78,180220,AY,6080,none,FC06,before,0.00724,,,,,,,,,,,,,,,,,,,
3,79,180220,AY,6079,none,FC06,before,0.00552,,,,,,,,,,,,,,,,,,,
3,80,180220,AY,6054,none,FC06,before,0.01569,,,,,,,,,,,,,,,,,,,
3,81,180220,AY,6022,none,FC07,before,0.01691,,,,,,,,,,,,,,,,,,,
3,82,180220,AY,6015,none,FC07,before,0.00923,,,,,,,,,,,,,,,,,,,
3,83,180220,AY,6002,none,FC07,before,0.00677,,,,,,,,,,,,,,,,,,,
3,84,180220,AY,6025,none,FC07,before,0.00702,,,,,,,,,,,,,,,,,,,
3,85,180220,AY,6041,none,FC07,before,0.02407,,,,,,,,,,,,,,,,,,,
3,86,180220,AY,6014,none,FC07,before,0.00718,,,,,,,,,,,,,,,,,,,
4,87,180209,AY,6001,A,FC04,NM %,0.01601,,,,,,,,,,,,,,,,,,,
4,88,180209,AY,6084,A,FC04,live mycos %,0.0179,,,,,,,,,,,,,,,,,,,
4,89,180209,AY,6084,A,FC04,other roots,0.65945,,,,,,,,,,,,,,,,,,,
4,90,180209,AY,6084,A,FC04,NM %,0.0171,,,,,,,,,,,,,,,,,,,
4,91,180209,AY,6032,A,FC04,mycos %,0.02623,,,,,,,,,,,,,,,,,,,
4,92,180209,AY,6084,B,FC04,NM %,0.0212,,,,,,,,,,,,,,,,,,,
4,93,180209,AY,6084,B,FC04,other %,0.00459,very little amount,,,,,,,,,,,,,,,,,,
4,94,180209,AY,6084,B,FC04,dead mycos %,0.00753,very little amount,,,,,,,,,,,,,,,,,,
4,95,180209,AY,6084,B,FC04,mycos %,0.0041,very little amount,,,,,,,,,,,,,,,,,,
4,96,180209,AY,6034,none,FC05,before,0.01277,,,,,,,,,,,,,,,,,,,
4,97,180209,AY,6084,A,FC04,other %,0.01019,,,,,,,,,,,,,,,,,,,
4,98,180209,AY,6084,A,FC04,hyphae,0.00113,stuck on envelope,,,,,,,,,,,,,,,,,,
4,99,180209,AY,6084,A,FC04,dead mycos %,0.0184,,,,,,,,,,,,,,,,,,,
4,100,180209,AY,6084,B,FC04,other roots,0.73349,,,,,,,,,,,,,,,,,,,
4,101,180209,AY,6031,B,FC04,TFRs %,0.01699,,,,,,,,,,,,,,,,,,,
4,102,180209,AY,6031,none,FC04,shoot,0.36312,,,,,,,,,,,,,,,,,,,
4,103,180209,AY,6031,A,FC04,mycos %,0.00805,,,,,,,,,,,,,,,,,,,
4,104,180209,AY,6031,A,FC04,other %,0.00909,,,,,,,,,,,,,,,,,,,
4,105,180209,AY,6031,B,FC04,other,0.072,,,,,,,,,,,,,,,,,,,
4,106,180209,AY,6031,B,FC04,NM %,0.03225,,,,,,,,,,,,,,,,,,,
4,107,180209,AY,6097,none,FC05,before,0.02722,,,,,,,,,,,,,,,,,,,
4,108,180209,AY,6050,none,FC05,before,0.01072,,,,,,,,,,,,,,,,,,,
4,109,180209,AY,6068,none,FC05,before,0.01443,,,,,,,,,,,,,,,,,,,
4,110,180209,AY,6059,none,FC05,before,0.00834,,,,,,,,,,,,,,,,,,,
4,111,180209,AY,6031,A,FC04,extra roots,0.34805,,"added ""roots,"" just said ""extra"" originally",,,,,,,,,,,,,,,,,
4,112,180209,AY,6031,A,FC04,NM %,0.00889,,,,,,,,,,,,,,,,,,,
4,113,180209,AY,6096,A,FC04,NM %,0.02053,,,,,,,,,,,,,,,,,,,
4,114,180209,AY,6096,A,FC04,TFRs %,0.00423,,,,,,,,,,,,,,,,,,,
4,115,180209,AY,6032,A,FC04,NM %,0.02425,,,,,,,,,,,,,,,,,,,
4,116,180209,AY,6032,A,FC04,other %,0.01152,,,,,,,,,,,,,,,,,,,
4,117,180209,AY,6096,B,FC04,TFRs %,0.00528,,,,,,,,,,,,,,,,,,,
4,118,180209,AY,6096,A,FC04,other roots,0.12255,,,,,,,,,,,,,,,,,,,
4,119,180209,AY,6032,B,FC04,hyphae,0.00822,,,,,,,,,,,,,,,,,,,
4,120,180209,AY,6032,A,FC04,hyphae,0.00061,,,,,,,,,,,,,,,,,,,
4,121,180209,AY,6032,A,FC04,extra roots,0.35009,,,,,,,,,,,,,,,,,,,
5,122,180123,AY,6096,none,FC04,shoot,0.43969,,,,,,,,,,,,,,,,,,,
5,123,180123,AY,6096,B,FC04,other %,0.0093,,,,,,,,,,,,,,,,,,,
5,124,180123,AY,6096,B,FC04,extra roots,0.24689,,,,,,,,,,,,,,,,,,,
5,125,180123,AY,6096,B,FC04,NM %,0.00496,,,,,,,,,,,,,,,,,,,
5,126,180123,AY,6078,B,FC04,extra roots,0.25901,,,,,,,,,,,,,,,,,,,
5,127,180123,AY,6078,B,FC04,other %,0.02311,,,,,,,,,,,,,,,,,,,
5,128,180123,AY,6078,B,FC04,extra mycos,0.00587,,,,,,,,,,,,,,,,,,,
5,129,180123,AY,6078,B,FC04,dead mycos %,0.00644,,,,,,,,,,,,,,,,,,,
5,130,180123,AY,6078,B,FC04,mycos %,0.00375,,,,,,,,,,,,,,,,,,,
5,131,180123,AY,6078,B,FC04,NM %,0.0138,,,,,,,,,,,,,,,,,,,
5,132,180123,AY,6078,A,FC04,extra roots,0.05489,,,,,,,,,,,,,,,,,,,
5,133,180123,AY,6078,none,FC04,shoot,0.38778,,,,,,,,,,,,,,,,,,,
5,134,180123,AY,6078,A,FC04,mycos %,0.01268,,,,,,,,,,,,,,,,,,,
5,135,180123,AY,6078,A,FC04,other %,0.0135,,,,,,,,,,,,,,,,,,,
5,136,180123,AY,6078,A,FC04,NM %,0.00809,,,,,,,,,,,,,,,,,,,
5,137,180123,AY,6001,B,FC04,NM %,0.01601,,,,,,,,,,,,,,,,,,,
5,138,180123,AY,6001,B,FC04,extra roots,0.19785,,,,,,,,,,,,,,,,,,,
5,139,180123,AY,6001,B,FC04,TFRs %,0.0057,,,,,,,,,,,,,,,,,,,
5,140,180123,AY,6001,A,FC04,other roots,0.11859,,,,,,,,,,,,,,,,,,,
5,141,180123,AY,6001,A,FC04,other %,0.00498,,,,,,,,,,,,,,,,,,,
5,142,180123,AY,6001,A,FC04,dead mycos %,0.00312,,,,,,,,,,,,,,,,,,,
5,143,180123,AY,6001,A,FC04,mycos %,0.00774,,,,,,,,,,,,,,,,,,,
5,144,180123,AY,6084,none,FC04,shoot,1.14626,,,,,,,,,,,,,,,,,,,
5,145,180123,AY,6001,A,FC04,hyphae,0.00031,,,,,,,,,,,,,,,,,,,
online,146,180801,LB,6018,BR,FC12,crust,not weighed,,,,,,,,,,,,,,,,,,,
online,147,180801,LB,6018,B,FC12,mycos %,0.01757,,,,,,,,,,,,,,,,,,,
online,148,180801,LB,6090,A,FC12,mycos %,0.03334,,,,,,,,,,,,,,,,,,,
online,149,180801,LB,6052,A,FC12,extra roots,0.55104,,,,,,,,,,,,,,,,,,,
online,150,180801,LB,6094,A,FC12,hyphae,not weighed,,,,,,,,,,,,,,,,,,,
online,151,180801,LB,6094,B,FC12,hyphae,not weighed,,,,,,,,,,,,,,,,,,,
online,152,180801,LB,6090,A,FC12,hyphae,not weighed,,,,,,,,,,,,,,,,,,,
online,153,180801,LB,6094,AF,FC12,crust,not weighed,,,,,,,,,,,,,,,,,,,
online,154,180801,LB,6094,B,FC12,mycos %,0.03333,,,,,,,,,,,,,,,,,,,
online,155,180802,LB,6018,A,FC12,dead roots (whole root system),0.00262,,,,,,,,,,,,,,,,,,,
online,156,180802,LB,6052,B,FC12,extra roots,0.55658,,,,,,,,,,,,,,,,,,,
online,157,180802,LB,6066,A,FC12,extra roots,0.61785,,,,,,,,,,,,,,,,,,,
online,158,180802,LB,6094,AR,FC12,crust,NA,,,,,,,,,,,,,,,,,,,
online,159,180802,LB,6094,BR,FC12,crust,NA,,,,,,,,,,,,,,,,,,,
online,160,180802,LB,6065,A,FC12,hyphae,NA,,,,,,,,,,,,,,,,,,,
online,161,180802,LB,6065,AF,FC12,crust,NA,,,,,,,,,,,,,,,,,,,
online,162,180802,LB,6065,A,FC12,mycos %,0.04468,,,,,,,,,,,,,,,,,,,
online,163,180802,LB,6065,B,FC12,mycos %,0.01168,,,,,,,,,,,,,,,,,,,
online,164,180802,LB,6094,A,FC12,mycos %,0.02518,,,,,,,,,,,,,,,,,,,
online,165,180802,LB,6066,B,FC12,hyphae,NA,,,,,,,,,,,,,,,,,,,
online,166,180802,LB,6094,BF,FC12,crust,NA,,,,,,,,,,,,,,,,,,,
online,167,180802,LB,6018,B,FC12,hyphae,NA,,,,,,,,,,,,,,,,,,,
online,168,180802,LB,6066,A,FC12,hyphae,NA,,,,,,,,,,,,,,,,,,,
online,169,180802,LB,6066,AF,FC12,crust,NA,,,,,,,,,,,,,,,,,,,
online,170,180802,LB,6066,BR,FC12,crust,NA,,,,,,,,,,,,,,,,,,,
online,171,180802,LB,6066,B,FC12,extra roots,0.57006,,,,,,,,,,,,,,,,,,,
online,172,180802,LB,6065,A,FC12,extra roots,1.02326,,,,,,,,,,,,,,,,,,,
online,173,180802,LB,6065,B,FC12,extra roots,0.47152,,,,,,,,,,,,,,,,,,,
online,174,180802,LB,6094,A,FC12,extra roots,0.9541,,,,,,,,,,,,,,,,,,,
online,175,180802,LB,6094,B,FC12,extra roots,1.09625,,,,,,,,,,,,,,,,,,,
online,176,180802,LB,6090,A,FC12,extra roots,0.79406,,,,,,,,,,,,,,,,,,,
online,177,180802,LB,6018,B,FC12,extra roots,0.63123,,,,,,,,,,,,,,,,,,,
online,178,180802,LB,6090,B,FC12,extra roots,0.73559,,,,,,,,,,,,,,,,,,,
online,179,180806,LB,6066,A,FC12,mycos %,0.03796,,,,,,,,,,,,,,,,,,,
online,180,180806,LB,6066,B,FC12,mycos %,0.00971,,,,,,,,,,,,,,,,,,,
online,181,180806,LB,6052,B,FC12,extra SUIPU mycos,0.0077,,,,,,,,,,,,,,,,,,,
online,182,180806,LB,6052,B,FC12,SUIPU mycos %,0.00039,,,,,,,,,,,,,,,,,,,
online,183,180806,LB,6052,B,FC12,THETE mycos %,0.0055,,,,,,,,,,,,,,,,,,,
online,184,180806,LB,6052,A,FC12,mycos %,0.01834,,,,,,,,,,,,,,,,,,,
online,185,180806,LB,6090,B,FC12,NM %,0.04947,,,,,,,,,,,,,,,,,,,
online,186,180806,LB,6018,B,FC12,NM %,0.03089,,,,,,,,,,,,,,,,,,,
online,187,180806,LB,6018,B,FC12,other %,0.01651,,,,,,,,,,,,,,,,,,,
online,188,180806,LB,6090,A,FC12,other %,0.00519,,,,,,,,,,,,,,,,,,,
online,189,180806,LB,6090,A,FC12,NM %,0.04073,,,,,,,,,,,,,,,,,,,
online,190,180806,LB,6094,B,FC12,NM %,0.03222,,,,,,,,,,,,,,,,,,,
online,191,180806,LB,6094,B,FC12,other %,0.00823,,,,,,,,,,,,,,,,,,,
online,192,180806,LB,6094,A,FC12,other %,0.01677,,,,,,,,,,,,,,,,,,,
online,193,180806,LB,6094,A,FC12,NM %,0.03985,,,,,,,,,,,,,,,,,,,
online,194,180806,LB,6065,B,FC12,other %,0.02538,,,,,,,,,,,,,,,,,,,
online,195,180806,LB,6065,B,FC12,NM %,0.10029,,,,,,,,,,,,,,,,,,,
online,196,180806,LB,6065,A,FC12,other %,0.02261,,,,,,,,,,,,,,,,,,,
online,197,180806,LB,6065,A,FC12,NM %,0.0144,,,,,,,,,,,,,,,,,,,
online,198,180806,LB,6066,A,FC12,other %,0.00922,,,,,,,,,,,,,,,,,,,
online,199,180806,LB,6066,A,FC12,NM %,0.04648,,,,,,,,,,,,,,,,,,,
online,200,180806,LB,6066,B,FC12,NM %,0.02239,,,,,,,,,,,,,,,,,,,
online,201,180806,LB,6066,B,FC12,other %,0.016,,,,,,,,,,,,,,,,,,,
online,202,180806,LB,6052,B,FC12,NM %,0.03718,,,,,,,,,,,,,,,,,,,
online,203,180806,LB,6052,B,FC12,other %,0.01518,,,,,,,,,,,,,,,,,,,
online,204,180806,LB,6052,A,FC12,NM %,0.03409,,,,,,,,,,,,,,,,,,,
online,205,180806,LB,6052,A,FC12,other %,0.00397,,,,,,,,,,,,,,,,,,,
online,206,180806,LB,6052,none,FC12,shoot,1.88019,,,,,,,,,,,,,,,,,,,
online,207,180806,LB,6065,none,FC12,shoot,2.8367,,,,,,,,,,,,,,,,,,,
online,208,180810,LB,6094,none,FC12,shoot,4.1841,,,,,,,,,,,,,,,,,,,
online,209,180810,LB,6090,none,FC12,shoot,2.92245,,,,,,,,,,,,,,,,,,,
online,210,180810,LB,6066,none,FC12,shoot,2.301,,,,,,,,,,,,,,,,,,,
online,211,180810,LB,6018,none,FC12,shoot,1.80902,,,,,,,,,,,,,,,,,,,
6,212,181128,AV,6036,B,FC11,extra mycos,0.00048,,,,,,,,,,,,,,,,,,,
6,213,181128,AV,6036,A,FC11,NM %,0.04026,,,,,,,,,,,,,,,,,,,
6,214,181128,AV,6036,A,FC11,Other %,0.00528,,,,,,,,,,,,,,,,,,,
6,215,181128,AV,6069,B,FC11,extra roots,0.16335,,,,,,,,,,,,,,,,,,,
6,216,181128,AV,6069,A,FC11,NM %,0.01799,,,,,,,,,,,,,,,,,,,
6,217,181128,AV,6069,A,FC11,hyphae,NA,,,,,,,,,,,,,,,,,,,
6,218,181128,AV,6071,A,FC11,mycos %,0.02043,,,,,,,,,,,,,,,,,,,
6,219,181128,AV,6071,B,FC11,NM %,0.03035,,,,,,,,,,,,,,,,,,,
6,220,181128,AV,6071,B,FC11,extra mycos,0.01131,,,,,,,,,,,,,,,,,,,
6,221,181128,AV,6030,B,FC11,mycos %,0.00637,,,,,,,,,,,,,,,,,,,
6,222,181128,AV,6030,B,FC11,other %,0.0125,,,,,,,,,,,,,,,,,,,
6,223,181128,AV,6030,B,FC11,NM %,0.02783,,,,,,,,,,,,,,,,,,,
6,224,181128,AV,6030,B,FC11,extra roots,0.55904,,,,,,,,,,,,,,,,,,,
6,225,181205,AV,6016,A,FC03,fine roots %,0.0113,fine roots / early mycos %?,,,,,,,,,,,,,,,,,,
6,226,181205,AV,6104,B,FC03,roots %,0.01886,,,,,,,,,,,,,,,,,,,
6,227,181205,AV,6016,A,FC03,roots %,0.0524,,,,,,,,,,,,,,,,,,,
6,228,181205,AV,6016,A,FC03,mycos %,0.05775,,,,,,,,,,,,,,,,,,,
6,229,181205,AV,6104,A,FC03,roots %,0.03421,,,,,,,,,,,,,,,,,,,
6,230,181205,AV,6062,none,FC03,shoot,0.5414,,,,,,,,,,,,,,,,,,,
6,231,181205,AV,6045,none,FC03,shoot,0.57773,,,,,,,,,,,,,,,,,,,
6,232,181205,AV,6016,none,FC03,shoot,0.63562,,,,,,,,,,,,,,,,,,,
6,233,181205,AV,6104,none,FC03,shoot,0.86702,,,,,,,,,,,,,,,,,,,
6,234,181205,AV,6077,none,FC03,shoot,0.77022,,,,,,,,,,,,,,,,,,,
6,235,181205,AV,6067,none,FC03,shoot,0.60997,,,,,,,,,,,,,,,,,,,
7,236,181205,AV,6067,A,FC03,roots %,0.03219,,,,,,,,,,,,,,,,,,,
7,237,181205,AV,6067,B,FC03,mycos %,0.02345,THETE,,,,,,,,,,,,,,,,,,
7,238,181205,AV,6067,B,FC03,other %,0.00221,,,,,,,,,,,,,,,,,,,
7,239,181205,AV,6077,B,FC03,NM roots,0.0157,,,,,,,,,,,,,,,,,,,
7,240,181205,AV,6077,B,FC03,other %,0.01726,,,,,,,,,,,,,,,,,,,
7,241,181205,AV,6077,B,FC03,dead suipu %,0.00817,,"originally read ""dead suipu and mycos %"" Seems unlikely?",,,,,,,,,,,,,,,,,
7,242,181205,AV,6077,B,FC03,TFRs %,0.00854,,,,,,,,,,,,,,,,,,,
7,243,181205,AV,6067,A,FC03,other %,0.00271,,,,,,,,,,,,,,,,,,,
7,244,181205,AV,6104,B,FC03,TFRs / dead mycos %,0.00045,,,,,,,,,,,,,,,,,,,
7,245,181205,AV,6045,B,FC03,other roots,0.15382,,,,,,,,,,,,,,,,,,,
7,246,181205,AV,6045,B,FC03,other %,0.00901,,,,,,,,,,,,,,,,,,,
7,247,181205,AV,6077,A,FC03,other roots %,0.0045,,,,,,,,,,,,,,,,,,,
7,248,181205,AV,6077,A,FC03,TFRs,0.00522,,,,,,,,,,,,,,,,,,,
7,249,181205,AV,6077,A,FC03,roots NM %,0.03924,,,,,,,,,,,,,,,,,,,
7,250,181205,AV,6077,A,FC03,live suipu mycos %,0.00876,,,,,,,,,,,,,,,,,,,
7,251,181205,AV,6067,A,FC03,other roots,0.34278,,,,,,,,,,,,,,,,,,,
7,252,181205,AV,6045,A,FC03,roots %,0.05926,,,,,,,,,,,,,,,,,,,
7,253,181205,AV,6045,A,FC03,hyphae,NA,,,,,,,,,,,,,,,,,,,
7,254,181205,AV,6045,A,FC03,mycos %,0.01733,,,,,,,,,,,,,,,,,,,
7,255,181205,AV,6045,A,FC03,other roots,0.30236,,,,,,,,,,,,,,,,,,,
7,256,181205,AV,6062,A,FC03,TFR %,0.01432,,,,,,,,,,,,,,,,,,,
7,257,181205,AV,6062,B,FC03,dead mycos %,0.00056,,added %,,,,,,,,,,,,,,,,,
7,258,181205,AV,6062,B,FC03,other ,0.30442,,,,,,,,,,,,,,,,,,,
7,259,181205,AV,6062,A,FC03,dead mycos %,0.0009,,added %,,,,,,,,,,,,,,,,,
7,260,181205,AV,6062,A,FC03,other roots,0.1904,,,,,,,,,,,,,,,,,,,
7,261,181205,AV,6062,A,FC03,NM %,0.02614,,,,,,,,,,,,,,,,,,,
7,262,181205,AV,6062,A,FC03,mycos %,0.00143,,,,,,,,,,,,,,,,,,,
7,263,181205,AV,6062,B,FC03,NM %,0.03058,,,,,,,,,,,,,,,,,,,
7,264,181205,AV,6067,B,FC03,mycos suipu %,0.00213,,,,,,,,,,,,,,,,,,,
8,265,181112,AV,6085,none,FC06,shoot,0.59684,,,,,,,,,,,,,,,,,,,
8,266,181112,AV,6054,none,FC06,shoot,0.51195,,,,,,,,,,,,,,,,,,,
8,267,181112,AV,6079,none,FC06,shoot,0.44935,,,,,,,,,,,,,,,,,,,
8,268,181112,AV,6080,none,FC06,shoot,0.49151,,,,,,,,,,,,,,,,,,,
8,269,181112,AV,6008,none,FC06,shoot,0.27676,,,,,,,,,,,,,,,,,,,
8,270,181112,AV,6008,B,FC06,mycos %,0.00048,,,,,,,,,,,,,,,,,,,
8,271,181112,AV,6080,A,FC06,mycos %,0.01527,,,,,,,,,,,,,,,,,,,
8,272,181112,AV,6008,B,FC06,other %,0.00396,,,,,,,,,,,,,,,,,,,
8,273,181112,AV,6008,B,FC06,NM %,0.03415,,,,,,,,,,,,,,,,,,,
8,274,181205,AV,6104,B,FC03,hyphae,NA,"""B"" side inferred from harvest notes indicated very little mycorrhization and no visible hyphae on side A.",,,,,,,,,,,,,,,,,,
8,275,181205,AV,6067,B,FC03,roots %,0.01255,,,,,,,,,,,,,,,,,,,
8,276,181205,AV,6077,B,FC03,mycos %,0.00748,,,,,,,,,,,,,,,,,,,
8,277,181205,AV,6077,A,FC03,dead suipu %,0.00065,,added %,,,,,,,,,,,,,,,,,
8,278,181205,AV,6104,A,FC03,TFRs %,0.00483,?,,,,,,,,,,,,,,,,,,
8,279,181205,AV,6045,B,FC03,mycos %,0.03315,,,,,,,,,,,,,,,,,,,
8,280,181205,AV,6045,B,FC03,roots %,0.02386,,,,,,,,,,,,,,,,,,,
8,281,181205,AV,6045,B,FC03,hyphae,NA,,,,,,,,,,,,,,,,,,,
8,282,181205,AV,6077,A,FC03,extra roots,0.53312,,,,,,,,,,,,,,,,,,,
8,283,181205,AV,6016,B,FC03,term fine roots,0.00893,,,,,,,,,,,,,,,,,,,
8,284,181205,AV,6016,B,FC03,roots %,0.02443,,,,,,,,,,,,,,,,,,,
8,285,181205,AV,6104,B,FC03,mycos %,0.01681,,,,,,,,,,,,,,,,,,,
8,286,181205,AV,6067,A,FC03,mycos %,0.01886,,,,,,,,,,,,,,,,,,,
8,287,181205,AV,6067,B,FC03,mycos suipu dead %,0.00488,,,,,,,,,,,,,,,,,,,
8,288,181205,AV,6062,B,FC03,TFR %,0.01881,,,,,,,,,,,,,,,,,,,
8,289,181205,AV,6077,B,FC03,other roots,0.15729,,,,,,,,,,,,,,,,,,,
8,290,181205,AV,6016,A,FC03,hyphae,NA,,,,,,,,,,,,,,,,,,,
8,291,181205,AV,6016,A,FC03,other roots,0.08094,,,,,,,,,,,,,,,,,,,
8,292,181205,AV,6104,B,FC03,other roots,0.23942,,,,,,,,,,,,,,,,,,,
8,293,181205,AV,6104,A,FC03,other roots,0.62711,,,,,,,,,,,,,,,,,,,
8,294,181205,AV,6067,B,FC03,other roots,0.14139,,,,,,,,,,,,,,,,,,,
8,295,181205,AV,6045,A,FC03,dead mycos %,0.00144,,added %,,,,,,,,,,,,,,,,,
8,296,181205,AV,6016,B,FC03,other roots,0.45154,,,,,,,,,,,,,,,,,,,
8,297,181205,AV,6104,A,FC03,mycos %,0.0055,,,,,,,,,,,,,,,,,,,
9,298,181113,CB,6022,A,FC07,other %,0.0043,,,,,,,,,,,,,,,,,,,
9,299,181113,CB,6022,A,FC07,extra roots,0.8796,,,,,,,,,,,,,,,,,,,
9,300,181113,CB,6002,A,FC07,hyphae,NA,,,,,,,,,,,,,,,,,,,
9,301,181113,CB,6002,A,FC07,mycos %,0.0801,,,,,,,,,,,,,,,,,,,
9,302,181113,CB,6022,A,FC07,mycos %,0.0427,,,,,,,,,,,,,,,,,,,
9,303,181113,CB,6002,B,FC07,suipu dead mycos %,0.0097,,,,,,,,,,,,,,,,,,,
9,304,181113,CB,6022,A,FC07,NM %,0.0408,,,,,,,,,,,,,,,,,,,
10,305,181112,AV,6055,A,FC09,extra roots,0.43109,,,,,,,,,,,,,,,,,,,
10,306,181112,AV,6051,B,FC09,NM %,0.01985,,,,,,,,,,,,,,,,,,,
10,307,181112,AV,6055,A,FC09,NM %,0.0432,,,,,,,,,,,,,,,,,,,
10,308,181112,AV,6051,A,FC09,NM %,0.05215,,,,,,,,,,,,,,,,,,,
10,309,181112,AV,6028,A,FC09,dead mycos %,0.0274,,,,,,,,,,,,,,,,,,,
10,310,181112,AV,6075,B,FC10,NM %,0.01155,FC09 bag,,,,,,,,,,,,,,,,,,
10,311,181112,AV,6058,none,FC13,before,0.00839,FC09 bag,,,,,,,,,,,,,,,,,,
10,312,181112,AV,6075,B,FC10,mycos %,0.00294,FC09 bag,,,,,,,,,,,,,,,,,,
10,313,181112,AV,6075,B,FC10,other %,0.00335,FC09 bag,,,,,,,,,,,,,,,,,,
10,314,181112,AV,6055,A,FC09,other %,0.0019,,,,,,,,,,,,,,,,,,,
10,315,181112,AV,6044,none,FC13,before ,0.01184,FC09 bag,,,,,,,,,,,,,,,,,,
10,316,181112,AV,6040,B,FC09,extra roots,0.32859,,,,,,,,,,,,,,,,,,,
10,317,181112,AV,6075,B,FC10,extra roots,0.25038,FC09 bag,,,,,,,,,,,,,,,,,,
10,318,181112,AV,6055,A,FC09,hyphae,NA,,,,,,,,,,,,,,,,,,,
10,319,181112,AV,6075,B,FC10,hyphae,NA,FC09 bag,,,,,,,,,,,,,,,,,,
10,320,181112,AV,6051,B (F),FC09,crust,NA,,,,,,,,,,,,,,,,,,,
10,321,181112,AV,6019,none,FC13,before,0.0061,FC09 bag,,,,,,,,,,,,,,,,,,
10,322,181112,AV,6011,none,FC13,before,0.00898,FC09 bag,,,,,,,,,,,,,,,,,,
10,323,181112,AV,6040,B,FC09,NM %,0.04905,,,,,,,,,,,,,,,,,,,
10,324,181112,AV,6021,none,FC13,before,0.00493,FC09 bag,,,,,,,,,,,,,,,,,,
10,325,181112,AV,6051,A,FC09,extra roots,0.10171,,,,,,,,,,,,,,,,,,,
10,326,181112,AV,6055,A,FC09,dead mycos %,0.00445,,,,,,,,,,,,,,,,,,,
10,327,181112,AV,6028,A,FC09,NM %,0.0503,,,,,,,,,,,,,,,,,,,
10,328,181112,AV,6055,A,FC09,mycos %,0.01212,,,,,,,,,,,,,,,,,,,
10,329,181112,AV,6028,A,FC09,mycos %,0.0318,THETE,,,,,,,,,,,,,,,,,,
10,330,181112,AV,6035,none,FC13,before,0.0193,FC09 bag,,,,,,,,,,,,,,,,,,
10,331,181112,AV,6028,A,FC09,other %,0.00675,,,,,,,,,,,,,,,,,,,
10,332,181112,AV,6075,A,FC10,extra roots,0.4541,FC09 bag,,,,,,,,,,,,,,,,,,
10,333,181112,AV,6055,none,FC09,shoot,2.64785,,,,,,,,,,,,,,,,,,,
10,334,181112,AV,6028,none,FC09,shoot,2.0109,,,,,,,,,,,,,,,,,,,
11,335,181113,CB,6008,A,FC06,TFR %,0.0113,,,,,,,,,,,,,,,,,,,
11,336,181113,CB,6039,none,FC06,before,0.0217,,,,,,,,,,,,,,,,,,,
11,337,181113,CB,6013,none,FC06,before,0.0075,,,,,,,,,,,,,,,,,,,
11,338,181113,CB,6076,none,FC06,before,0.0107,,,,,,,,,,,,,,,,,,,
11,339,181113,CB,6075,none,FC06,before,0.0087,,,,,,,,,,,,,,,,,,,
11,340,181113,CB,6072,none,FC06,before,0.0132,,,,,,,,,,,,,,,,,,,
11,341,181113,CB,6056,none,FC06,before,0.0056,,,,,,,,,,,,,,,,,,,
11,342,181113,CB,6041,B,FC07,mycos %,0.0018,,,,,,,,,,,,,,,,,,,
11,343,181113,CB,6041,B,FC07,NM %,0.0352,,,,,,,,,,,,,,,,,,,
11,344,181113,CB,6041,A,FC07,extra roots,0.4478,,,,,,,,,,,,,,,,,,,
11,345,181113,CB,6041,A,FC07,other %,0.0082,,,,,,,,,,,,,,,,,,,
11,346,181113,CB,6041,A,FC07,dead mycos %,0.0037,,,,,,,,,,,,,,,,,,,
11,347,181113,CB,6041,A,FC07,mycos %,0.0205,,,,,,,,,,,,,,,,,,,
11,348,181113,CB,6041,A,FC07,NM %,0.0378,,,,,,,,,,,,,,,,,,,
11,349,181113,CB,6041,B,FC07,extra mycos,0.0048,,,,,,,,,,,,,,,,,,,
11,350,181113,CB,6041,B,FC07,extra roots,0.2443,,,,,,,,,,,,,,,,,,,
11,351,181113,CB,6022,B,FC07,extra roots,0.7116,,,,,,,,,,,,,,,,,,,
11,352,181113,CB,6014,none,FC07,shoot,1.0369,,,,,,,,,,,,,,,,,,,
11,353,181113,CB,6015,B,FC07,hyphae,NA,,,,,,,,,,,,,,,,,,,
11,354,181113,CB,6015,B,FC07,mycos %,0.092,,,,,,,,,,,,,,,,,,,
11,355,181113,CB,6015,B,FC07,NM %,0.0513,,,,,,,,,,,,,,,,,,,
11,356,181113,CB,6015,A,FC07,extra roots,0.3451,,,,,,,,,,,,,,,,,,,
11,357,181113,CB,6015,A,FC07,dead mycos %,0.0027,,,,,,,,,,,,,,,,,,,
11,358,181113,CB,6015,A,FC07,other %,0.0145,,,,,,,,,,,,,,,,,,,
11,359,181113,CB,6015,A,FC07,NM %,0.0829,,,,,,,,,,,,,,,,,,,
11,360,181113,CB,6015,A,FC07,mycos %,0.0639,,,,,,,,,,,,,,,,,,,
11,361,181113,CB,6015,B,FC07,extra roots,0.6712,,,,,,,,,,,,,,,,,,,
11,362,181113,CB,6015,B,FC07,other %,0.0048,,,,,,,,,,,,,,,,,,,
11,363,181113,CB,6002,none,FC07,shoot,1.4785,,,,,,,,,,,,,,,,,,,
11,364,181113,CB,6025,none,FC07,shoot,2.3045,,,,,,,,,,,,,,,,,,,
11,365,181113,CB,6002,B,FC07,THETE mycos %,0.0129,,,,,,,,,,,,,,,,,,,
11,366,181113,CB,6002,B,FC07,extra roots,0.5473,,,,,,,,,,,,,,,,,,,
11,367,181113,CB,6022,B,FC07,NM %,0.049,,,,,,,,,,,,,,,,,,,
11,368,181113,CB,6002,A,FC07,extra roots,0.6851,,,,,,,,,,,,,,,,,,,
11,369,181113,CB,6002,B,FC07,NM %,0.0561,,,,,,,,,,,,,,,,,,,
11,370,181113,CB,6022,B,FC07,mycos %,0.03,,,,,,,,,,,,,,,,,,,
11,371,181113,CB,6002,B,FC07,suipu live mycos %,0.0153,,,,,,,,,,,,,,,,,,,
12,372,181113,CB,6008,B,FC06,extra roots,0.0845,,,,,,,,,,,,,,,,,,,
12,373,181113,CB,6008,A,FC06,other extra roots,0.1055,,,,,,,,,,,,,,,,,,,
12,374,181113,CB,6080,B,FC06,NM %,0.0287,,,,,,,,,,,,,,,,,,,
12,375,181113,CB,6079,A,FC06,extra roots,0.1857,,,,,,,,,,,,,,,,,,,
12,376,181113,CB,6079,A,FC06,NM %,0.0783,,,,,,,,,,,,,,,,,,,
12,377,181113,CB,6079,B,FC06,other %,0.002,,,,,,,,,,,,,,,,,,,
12,378,181113,CB,6080,B,FC06,mycos %,0.0087,,,,,,,,,,,,,,,,,,,
12,379,181113,CB,6080,B,FC06,extra roots,0.3643,,,,,,,,,,,,,,,,,,,
12,380,181113,CB,6079,A,FC06,other %,0.0017,,,,,,,,,,,,,,,,,,,
12,381,181113,CB,6079,A,FC06,live mycos %,0.0062,,,,,,,,,,,,,,,,,,,
12,382,181113,CB,6079,A,FC06,dead mycos %,0.0114,,,,,,,,,,,,,,,,,,,
12,383,181113,CB,6054,A,FC06,mycos %,0.0097,,,,,,,,,,,,,,,,,,,
12,384,181113,CB,6079,B,FC06,NM %,0.0268,,,,,,,,,,,,,,,,,,,
12,385,181113,CB,6054,A,FC06,other %,0.0015,,,,,,,,,,,,,,,,,,,
12,386,181113,CB,6054,A,FC06,NM %,0.022,,,,,,,,,,,,,,,,,,,
12,387,181113,CB,6085,A,FC06,mycos %,0.0342,,,,,,,,,,,,,,,,,,,
12,388,181113,CB,6079,B,FC06,extra roots,0.1292,,,,,,,,,,,,,,,,,,,
12,389,181113,CB,6080,A,FC06,NM %,0.0198,,,,,,,,,,,,,,,,,,,
12,390,181113,CB,6080,A,FC06,hyphae,NA,,,,,,,,,,,,,,,,,,,
12,391,181113,CB,6080,A,FC06,other %,0.0143,,,,,,,,,,,,,,,,,,,
12,392,181113,CB,6080,A,FC06,extra roots ,0.3129,,,,,,,,,,,,,,,,,,,
12,393,181113,CB,6085,A,FC06,other %,0.0014,,,,,,,,,,,,,,,,,,,
12,394,181113,CB,6085,A,FC06,NM %,0.0339,,,,,,,,,,,,,,,,,,,
12,395,181113,CB,6085,A,FC06,hyphae,NA,,,,,,,,,,,,,,,,,,,
12,396,181113,CB,6085,A,FC06,extra roots,0.0936,,,,,,,,,,,,,,,,,,,
12,397,181113,CB,6085,B,FC06,dead mycos %,0.0033,,,,,,,,,,,,,,,,,,,
12,398,181113,CB,6054,A,FC06,extra roots,0.2995,,,,,,,,,,,,,,,,,,,
12,399,181113,CB,6085,B,FC06,mycos %,0.0015,,,,,,,,,,,,,,,,,,,
12,400,181113,CB,6054,B,FC06,NM %,0.0273,,,,,,,,,,,,,,,,,,,
12,401,181113,CB,6085,B,FC06,extra roots,0.3346,,,,,,,,,,,,,,,,,,,
12,402,181113,CB,6085,B,FC06,extra mycos,0.0045,,,,,,,,,,,,,,,,,,,
12,403,181113,CB,6085,B,FC06,NM %,0.0196,,,,,,,,,,,,,,,,,,,
12,404,181113,CB,6008,B,FC06,extra mycos,0.0022,,,,,,,,,,,,,,,,,,,
12,405,181113,CB,6085,B,FC06,other %,0.00234,,,,,,,,,,,,,,,,,,,
12,406,181113,CB,6054,B,FC06,extra roots,0.1873,,,,,,,,,,,,,,,,,,,
12,407,181113,CB,6008,A,FC06,suipu mycos,0.0043,,,,,,,,,,,,,,,,,,,
12,408,181113,CB,6008,A,FC06,NM %,0.0166,,,,,,,,,,,,,,,,,,,
13,409,181128,AV,6071,A,FC11,hyphae,NA,,,,,,,,,,,,,,,,,,,
13,410,181128,AV,6071,A,FC11,NM %,0.0137,,,,,,,,,,,,,,,,,,,
13,411,181128,AV,6020,A,FC11,NM %,0.05425,,,,,,,,,,,,,,,,,,,
13,412,181128,AV,6020,A,FC11,other %,0.01707,,,,,,,,,,,,,,,,,,,
13,413,181128,AV,6020,B,FC11,suipu mycos %,0.00283,,,,,,,,,,,,,,,,,,,
13,414,181128,AV,6020,B,FC11,extra roots,0.55563,,,,,,,,,,,,,,,,,,,
13,415,181128,AV,6020,B,FC11,NM %,0.02744,,,,,,,,,,,,,,,,,,,
13,416,181128,AV,6020,B,FC11,dead mycos %,0.01921,,added %,,,,,,,,,,,,,,,,,
13,417,181128,AV,6020,A,FC11,suipu mycos,0.00679,,,,,,,,,,,,,,,,,,,
13,418,181128,AV,6069,A,FC11,mycos %,0.00352,,,,,,,,,,,,,,,,,,,
13,419,181128,AV,6020,A,FC11,extra roots,0.25425,,,,,,,,,,,,,,,,,,,
13,420,181128,AV,6071,A,FC11,other %,0.00348,,,,,,,,,,,,,,,,,,,
13,421,181128,AV,6036,B,FC11,other %,0.00313,,,,,,,,,,,,,,,,,,,
13,422,181128,AV,6036,A,FC11,extra roots,0.31796,,,,,,,,,,,,,,,,,,,
13,423,181128,AV,6069,B,FC11,NM %,0.07164,,,,,,,,,,,,,,,,,,,
13,424,181128,AV,6020,B,FC11,other %,0.00551,,,,,,,,,,,,,,,,,,,
13,425,181128,AV,6071,A,FC11,extra roots,0.29453,,,,,,,,,,,,,,,,,,,
13,426,181128,AV,6071,B,FC11,extra roots,0.34444,,,,,,,,,,,,,,,,,,,
13,427,181128,AV,6071,B,FC11,other %,0.00702,,,,,,,,,,,,,,,,,,,
13,428,181128,AV,6030,A,FC11,NM %,0.06914,,,,,,,,,,,,,,,,,,,
13,429,181128,AV,6069,A,FC11,extra roots,0.32689,,,,,,,,,,,,,,,,,,,
13,430,181128,AV,6036,B,FC11,NM %,0.03946,,,,,,,,,,,,,,,,,,,
13,431,181128,AV,6036,none,FC11,shoot,0.62696,,,,,,,,,,,,,,,,,,,
13,432,181128,AV,6030,A,FC11,other %,0.00418,,,,,,,,,,,,,,,,,,,
13,433,181128,AV,6036,A,FC11,extra mycos,0.00428,,,,,,,,,,,,,,,,,,,
13,434,181128,AV,6036,A,FC11,mycos %,0.0003,,,,,,,,,,,,,,,,,,,
13,435,181128,AV,6036,A,FC11,dead mycos %,0.0037,,,,,,,,,,,,,,,,,,,
13,436,181128,AV,6036,B,FC11,dead mycos %,0.00016,,,,,,,,,,,,,,,,,,,
14,437,181129,CB,6069,none,FC11,shoot,0.5426,,,,,,,,,,,,,,,,,,,
14,438,181129,CB,6030,none,FC11,shoot,1.0218,,,,,,,,,,,,,,,,,,,
14,439,181129,CB,6036,B,FC11,extra roots,0.2238,,,,,,,,,,,,,,,,,,,
14,440,181129,CB,6069,A,FC11,other %,0.0108,,,,,,,,,,,,,,,,,,,
14,441,181129,CB,6020,none,FC11,shoot,0.7807,,,,,,,,,,,,,,,,,,,
14,442,181129,CB,6030,A,FC11,extra roots,0.2485,,,,,,,,,,,,,,,,,,,
14,443,181129,CB,6071,B,FC11,mycos %,0.0024,,,,,,,,,,,,,,,,,,,
14,444,181129,CB,6071,none,FC11,shoot,0.6602,,,,,,,,,,,,,,,,,,,
14,445,181129,CB,6030,A,FC11,mycos %,0.0072,,,,,,,,,,,,,,,,,,,
14,446,181129,CB,6070,none,FC14,shoot,4.3377,,,,,,,,,,,,,,,,,,,
14,447,181129,CB,6024,B,FC14,extra roots,0.9031,,,,,,,,,,,,,,,,,,,
14,448,181129,CB,6024,B,FC14,NM %,0.0336,,,,,,,,,,,,,,,,,,,
14,449,181129,CB,6038,B,FC14,other %,0.0072,,,,,,,,,,,,,,,,,,,
14,450,181129,CB,6038,B,FC14,mycos %,0.0325,,,,,,,,,,,,,,,,,,,
14,451,181129,CB,6038,B,FC14,hyphae,NA,,,,,,,,,,,,,,,,,,,
14,452,181129,CB,6038,B,FC14,NM %,0.0295,,,,,,,,,,,,,,,,,,,
14,453,181129,CB,6038,B,FC14,extra roots,1.0363,,,,,,,,,,,,,,,,,,,
14,454,181129,CB,6038,B,FC14,crust,NA,,,,,,,,,,,,,,,,,,,
14,455,181129,CB,6038,A,FC14,hyphae,NA,,,,,,,,,,,,,,,,,,,
14,456,181129,CB,6038,A,FC14,NM %,0.1776,,,,,,,,,,,,,,,,,,,
14,457,181129,CB,6038,A,FC14,extra roots,0.9459,,,,,,,,,,,,,,,,,,,
14,458,181129,CB,6038,A,FC14,mycos %,0.0095,,,,,,,,,,,,,,,,,,,
14,459,181129,CB,6038,A,FC14,other %,0.0072,,,,,,,,,,,,,,,,,,,
14,460,181129,CB,6023,none,FC14,shoot,2.8811,,,,,,,,,,,,,,,,,,,
14,461,181129,CB,6023,BR,FC14,crust,NA,,,,,,,,,,,,,,,,,,,
14,462,181129,CB,6023,AR,FC14,crust,NA,,,,,,,,,,,,,,,,,,,
14,463,181129,CB,6023,A,FC14,NM %,0.0366,,,,,,,,,,,,,,,,,,,
14,464,181129,CB,6023,A,FC14,hyphae,NA,,,,,,,,,,,,,,,,,,,
14,465,181129,CB,6023,A,FC14,other %,0.0028,,,,,,,,,,,,,,,,,,,
15,466,181129,CB,6023,A,FC14,mycos %,0.0198,,,,,,,,,,,,,,,,,,,
15,467,181129,CB,6023,A,FC14,extra roots,0.3394,,,,,,,,,,,,,,,,,,,
15,468,181129,CB,6023,B,FC14,NM %,0.0387,,,,,,,,,,,,,,,,,,,
15,469,181129,CB,6023,B,FC14,other %,0.0059,,,,,,,,,,,,,,,,,,,
15,470,181129,CB,6023,B,FC14,mycos %,0.0027,,,,,,,,,,,,,,,,,,,
15,471,181129,CB,6023,B,FC14,extra roots,0.7062,,,,,,,,,,,,,,,,,,,
15,472,181129,CB,6070,A,FC14,NM / coarse %,0.0225,,,,,,,,,,,,,,,,,,,
15,473,181129,CB,6070,A,FC14,hyphae,NA,,,,,,,,,,,,,,,,,,,
15,474,181129,CB,6070,A,FC14,other %,0.0073,,,,,,,,,,,,,,,,,,,
15,475,181129,CB,6070,A,FC14,mycos %,0.0118,,,,,,,,,,,,,,,,,,,
15,476,181129,CB,6070,AF,FC14,crust,NA,,,,,,,,,,,,,,,,,,,
15,477,181129,CB,6070,AR,FC14,crust,NA,,,,,,,,,,,,,,,,,,,
15,478,181129,CB,6070,A,FC14,extra roots,0.8593,,,,,,,,,,,,,,,,,,,
15,479,181129,CB,6070,B,FC14,NM %,0.0417,,,,,,,,,,,,,,,,,,,
15,480,181129,CB,6070,B,FC14,other %,0.0139,,,,,,,,,,,,,,,,,,,
15,481,181129,CB,6070,BR,FC14,crust,NA,,,,,,,,,,,,,,,,,,,
15,482,181129,CB,6070,B,FC14,mycos %,0.0191,,,,,,,,,,,,,,,,,,,
15,483,181129,CB,6070,B,FC14,extra roots,1.0303,,,,,,,,,,,,,,,,,,,
15,484,181129,CB,6024,A,FC14,NM %,0.099,,,,,,,,,,,,,,,,,,,
15,485,181129,CB,6024,A,FC14,hyphae,NA,,,,,,,,,,,,,,,,,,,
15,486,181129,CB,6024,A,FC14,other %,0.008,,,,,,,,,,,,,,,,,,,
15,487,181129,CB,6038,none,FC14,shoot,3.9418,,,,,,,,,,,,,,,,,,,
15,488,181129,CB,6024,A,FC14,mycos %,0.0259,,,,,,,,,,,,,,,,,,,
15,489,181129,CB,6024,A,FC14,extra roots,0.5716,,,,,,,,,,,,,,,,,,,
15,490,181129,CB,6024,B,FC14,mycos %,0.0189,,,,,,,,,,,,,,,,,,,
15,491,181129,CB,6024,none,FC14,shoot,3.0011,,,,,,,,,,,,,,,,,,,
15,492,181129,CB,6024,B,FC14,hyphae,NA,,,,,,,,,,,,,,,,,,,
15,493,181129,CB,6024,B,FC14,other %,0.0057,,,,,,,,,,,,,,,,,,,
16,494,181031,AV,6102,A,FC16,extra roots,0.4175,,,,,,,,,,,,,,,,,,,
16,495,181031,AV,6010,B,FC16,extra roots,0.4775,,,,,,,,,,,,,,,,,,,
16,496,181031,AV,6103,B,FC16,NM %,0.02159,,,,,,,,,,,,,,,,,,,
16,497,181031,AV,6099,A,FC16,rhizomorphs,0.00519,,,,,,,,,,,,,,,,,,,
16,498,181031,AV,6102,B,FC16,rhizomorphs,0.01203,,,,,,,,,,,,,,,,,,,
16,499,181031,AV,6099,A,FC16,mycos %,0.02702,,,,,,,,,,,,,,,,,,,
16,500,181031,AV,6103,A,FC16,extra roots,0.49153,,,,,,,,,,,,,,,,,,,
16,501,181031,AV,6099,B,FC16,NM %,0.03661,,,,,,,,,,,,,,,,,,,
16,502,181031,AV,6010,A,FC16,mycos %,0.01606,,,,,,,,,,,,,,,,,,,
16,503,181031,AV,6103,B,FC16,extra roots,0.94841,,,,,,,,,,,,,,,,,,,
16,504,181031,AV,6099,B,FC16,rhizomorphs,0.00408,,,,,,,,,,,,,,,,,,,
16,505,181031,AV,6099,A,FC16,extra roots,0.69972,,,,,,,,,,,,,,,,,,,
16,506,181031,AV,6102,B,FC16,extra roots,1.68753,,,,,,,,,,,,,,,,,,,
16,507,181031,AV,6099,B,FC16,extra roots,1.02684,,,,,,,,,,,,,,,,,,,
16,508,181031,AV,6010,A,FC16,extra roots,0.65881,,,,,,,,,,,,,,,,,,,
16,509,181031,AV,6103,A,FC16,NM %,0.03411,,,,,,,,,,,,,,,,,,,
16,510,181031,AV,6010,B,FC16,TFRs %,0.01045,not a perfect islation of all TFRs,,,,,,,,,,,,,,,,,,
16,511,181031,AV,6099,AR,FC16,fruits,0.16257,pretty clean,,,,,,,,,,,,,,,,,,
16,512,181031,AV,6099,A,FC16,other %,0.042,,,,,,,,,,,,,,,,,,,
16,513,181031,AV,6099,B,FC16,other %,0.00647,,,,,,,,,,,,,,,,,,,
16,514,181031,AV,6103,A,FC16,other %,0.00725,,,,,,,,,,,,,,,,,,,
16,515,181031,AV,6103,B,FC16,other %,0.00885,,,,,,,,,,,,,,,,,,,
16,516,181031,AV,6010,A,FC16,other %,0.01186,,,,,,,,,,,,,,,,,,,
16,517,181031,AV,6102,B,FC16,other %,0.01976,,,,,,,,,,,,,,,,,,,
16,518,181031,AV,6102,A,FC16,other %,0.00327,,,,,,,,,,,,,,,,,,,
16,519,181031,AV,6102,none,FC16,shoot,4.0085,,,,,,,,,,,,,,,,,,,
16,520,181031,AV,6010,none,FC16,shoot,2.9381,,,,,,,,,,,,,,,,,,,
16,521,181031,AV,6103,none,FC16,shoot,4.24875,,,,,,,,,,,,,,,,,,,
16,522,181031,AV,6099,none,FC16,shoot,3.83,,,,,,,,,,,,,,,,,,,
17,523,181107,AV,6048,B,FC02,mycos %,0.00354,13C 15N,added %,,,,,,,,,,,,,,,,,
17,524,181107,AV,6012,B,FC02,hyphae,NA,,,,,,,,,,,,,,,,,,,
17,525,181107,AV,6049,AR,FC02,crust,NA,,,,,,,,,,,,,,,,,,,
17,526,181107,AV,6049,AF,FC02,crust,NA,,,,,,,,,,,,,,,,,,,
17,527,181107,AV,6049,A,FC02,hyphae,NA,,,,,,,,,,,,,,,,,,,
17,528,181107,AV,6048,B,FC02,other roots,0.13316,13C 15N,,,,,,,,,,,,,,,,,,
17,529,181107,AV,6063,A,FC02,roots %,0.06801,,,,,,,,,,,,,,,,,,,
17,530,181107,AV,6049,A,FC02,other roots,0.575,,,,,,,,,,,,,,,,,,,
17,531,181107,AV,6043,A,FC02,hyphae,NA,,,,,,,,,,,,,,,,,,,
17,532,181107,AV,6012,A,FC02,hyphae,NA,,,,,,,,,,,,,,,,,,,
17,533,181107,AV,6082,B,FC02,hyphae,NA,,,,,,,,,,,,,,,,,,,
17,534,181107,AV,6043,B,FC02,roots for % col,0.04733,,,,,,,,,,,,,,,,,,,
17,535,181107,AV,6043,B,FC02,extra roots for isotopes,0.00739,,,,,,,,,,,,,,,,,,,
17,536,181107,AV,6012,AF,FC02,crust,NA,,,,,,,,,,,,,,,,,,,
17,537,181107,AV,6043,A,FC02,other roots,0.29452,,,,,,,,,,,,,,,,,,,
17,538,181107,AV,6049,A,FC02,roots for % col,0.08981,,,,,,,,,,,,,,,,,,,
17,539,181107,AV,6049,A,FC02,dead mycos %,0.02036,,,,,,,,,,,,,,,,,,,
17,540,181107,AV,6048,A,FC02,other roots,0.06492,,,,,,,,,,,,,,,,,,,
17,541,181107,AV,6012,B,FC02,extra mycos,0.01452,,,,,,,,,,,,,,,,,,,
17,542,181107,AV,6043,B,FC02,dead mycos for % col,0.00316,,,,,,,,,,,,,,,,,,,
17,543,181107,AV,6049,B,FC02,tevan for root %,0.00664,,,,,,,,,,,,,,,,,,,
17,544,181107,AV,6049,B,FC02,roots % col,0.0333,,,,,,,,,,,,,,,,,,,
17,545,181107,AV,6043,B,FC02,mycos %,0.00207,13C 15N,,,,,,,,,,,,,,,,,,
17,546,181107,AV,6049,B,FC02,other roots,0.64344,,,,,,,,,,,,,,,,,,,
17,547,181107,AV,6048,A,FC02,terminal fine roots % col,0.00795,,,,,,,,,,,,,,,,,,,
17,548,181107,AV,6048,none,FC02,shoot,0.41299,13C 15N,,,,,,,,,,,,,,,,,,
17,549,181107,AV,6082,B,FC02,roots %,0.0258,,,,,,,,,,,,,,,,,,,
17,550,181107,AV,6049,none,FC02,shoot,2.4138,,,,,,,,,,,,,,,,,,,
18,551,181107,AV,6019,B,FC13,extra roots,0.0266,,,,,,,,,,,,,,,,,,,
18,552,181107,AV,6019,B,FC13,NM %,0.04926,,,,,,,,,,,,,,,,,,,
18,553,181107,AV,6011,B,FC13,other %,0.03483,,,,,,,,,,,,,,,,,,,
18,554,181107,AV,6011,B,FC13,NM %,0.04033,,,,,,,,,,,,,,,,,,,
18,555,181107,AV,6019,none,FC13,extra shoots,0.46052,,,,,,,,,,,,,,,,,,,
18,556,181107,AV,6019,B,FC13,other %,0.00031,,,,,,,,,,,,,,,,,,,
18,557,181107,AV,6011,B,FC13,extra roots,0.40835,,,,,,,,,,,,,,,,,,,
18,558,181107,AV,6011,A,FC13,mycos %,0.02296,,,,,,,,,,,,,,,,,,,
18,559,181107,AV,6021,A,FC13,hyphae,NA,,,,,,,,,,,,,,,,,,,
18,560,181107,AV,6019,A,FC13,NM %,0.01289,,,,,,,,,,,,,,,,,,,
18,561,181107,AV,6044,B,FC13,other %,0.00649,,,,,,,,,,,,,,,,,,,
18,562,181107,AV,6044,B,FC13,mycos %,0.00186,,,,,,,,,,,,,,,,,,,
18,563,181107,AV,6058,A,FC13,NM %,0.03195,,,,,,,,,,,,,,,,,,,
18,564,181107,AV,6044,A,FC13,NM %,0.02753,,,,,,,,,,,,,,,,,,,
18,565,181107,AV,6044,A,FC13,other %,0.005,,,,,,,,,,,,,,,,,,,
18,566,181107,AV,6035,none,FC13,shoot,0.94445,,,,,,,,,,,,,,,,,,,
18,567,181107,AV,6021,A,FC13,mycos %,0.01844,,,,,,,,,,,,,,,,,,,
18,568,181107,AV,6044,A,FC13,extra roots,0.27694,,,,,,,,,,,,,,,,,,,
18,569,181107,AV,6035,B,FC13,NM %,0.01695,,,,,,,,,,,,,,,,,,,
18,570,181107,AV,6019,A,FC13,extra roots,0.16217,,,,,,,,,,,,,,,,,,,
18,571,181107,AV,6044,B,FC13,extra roots,0.10317,,,,,,,,,,,,,,,,,,,
18,572,181107,AV,6021,B,FC13,mycos %,0.00744,,,,,,,,,,,,,,,,,,,
18,573,181107,AV,6044,A,FC13,mycos %,0.01025,,,,,,,,,,,,,,,,,,,
18,574,181107,AV,6035,B,FC13,mycos %,0.00437,,,,,,,,,,,,,,,,,,,
18,575,181107,AV,6021,A,FC13,extra roots,0.24865,,,,,,,,,,,,,,,,,,,
18,576,181107,AV,6035,B,FC13,other %,0.005,,,,,,,,,,,,,,,,,,,
18,577,181107,AV,6021,B,FC13,hyphae,NA,,,,,,,,,,,,,,,,,,,
18,578,181107,AV,6035,B,FC13,hyphae,NA,,,,,,,,,,,,,,,,,,,
18,579,181107,AV,6035,B,FC13,extra roots,0.1384,,,,,,,,,,,,,,,,,,,
19,580,181109,AV,6044,B,FC13,NM %,0.01875,,,,,,,,,,,,,,,,,,,
19,581,181109,AV,6021,A,FC13,other %,0.00842,,,,,,,,,,,,,,,,,,,
19,582,181109,AV,6019,B,FC13,extra suipu,0.00529,,,,,,,,,,,,,,,,,,,
19,583,181109,AV,6011,B,FC13,dead mycos %,0.00677,,,,,,,,,,,,,,,,,,,
19,584,181109,AV,6011,A,FC13,hyphae,NA,,,,,,,,,,,,,,,,,,,
19,585,181109,AV,6035,A,FC13,extra roots,0.4093,,,,,,,,,,,,,,,,,,,
19,586,181109,AV,6035,A,FC13,extra mycos,0.00418,,,,,,,,,,,,,,,,,,,
19,587,181109,AV,6021,B,FC13,extra roots,0.47445,,,,,,,,,,,,,,,,,,,
19,588,181109,AV,6058,B,FC13,extra roots,0.22489,,,,,,,,,,,,,,,,,,,
19,589,181109,AV,6021,B,FC13,other %,0.00755,,,,,,,,,,,,,,,,,,,
19,590,181109,AV,6058,B,FC13,NM %,0.07091,,,,,,,,,,,,,,,,,,,
19,591,181109,AV,6019,A,FC13,dead suipu %,0.03587,,,,,,,,,,,,,,,,,,,
19,592,181109,AV,6058,A,FC13,extra root,0.2379,,,,,,,,,,,,,,,,,,,
19,593,181109,AV,6035,A,FC13,other %,0.00283,,,,,,,,,,,,,,,,,,,
19,594,181109,AV,6019,A,FC13,other %,0.00715,,,,,,,,,,,,,,,,,,,
19,595,181109,AV,6011,none,FC13,shoot,0.51077,,,,,,,,,,,,,,,,,,,
19,596,181109,AV,6019,B,FC13,live suipu %,0.00259,,,,,,,,,,,,,,,,,,,
19,597,181109,AV,6011,A,FC13,other %,0.01595,,,,,,,,,,,,,,,,,,,
19,598,181109,AV,6011,A,FC13,extra roots,0.03225,,,,,,,,,,,,,,,,,,,
19,599,181109,AV,6011,B,FC13,extra suipu,0.0062,,,,,,,,,,,,,,,,,,,
19,600,181109,AV,6019,B,FC13,dead suipu %,0.00055,,,,,,,,,,,,,,,,,,,
19,601,181109,AV,6021,none,FC13,shoot,0.7363,,,,,,,,,,,,,,,,,,,
19,602,181109,AV,6011,A,FC13,NM %,0.06211,,,,,,,,,,,,,,,,,,,
19,603,181109,AV,6058,none,FC13,shoot,0.76815,,,,,,,,,,,,,,,,,,,
19,604,181109,AV,6021,A,FC13,NM %,0.0319,,,,,,,,,,,,,,,,,,,
19,605,181109,AV,6021,B,FC13,NM %,0.08568,,,,,,,,,,,,,,,,,,,
19,606,181109,AV,6044,none,FC13,shoot,0.50395,,,,,,,,,,,,,,,,,,,
19,607,181109,AV,6019,A,FC13,live suipu %,0.0185,,,,,,,,,,,,,,,,,,,
19,608,181109,AV,6011,B,FC13,live suipu %,0.00798,,,,,,,,,,,,,,,,,,,
19,609,181109,AV,6035,A,FC13,mycos %,0.00085,,,,,,,,,,,,,,,,,,,
19,610,181109,AV,6035,A,FC13,NM %,0.01498,,,,,,,,,,,,,,,,,,,
20,611,181108,CB,6075,none,FC10,shoot,0.5764,,,,,,,,,,,,,,,,,,,
20,612,181108,CB,6072,none,FC10,shoot,1.0769,,,,,,,,,,,,,,,,,,,
20,613,181108,CB,6087,none,FC09,shoot,3.7102,trouble balancing scale,,,,,,,,,,,,,,,,,,
20,614,181108,CB,6040,A,FC09,NM %,0.0293,scale won't settle,,,,,,,,,,,,,,,,,,
20,615,181108,CB,6087,B,FC09,live mycos %,0.0235,,,,,,,,,,,,,,,,,,,
20,616,181108,CB,6087,A,FC09,extra roots,0.4906,,,,,,,,,,,,,,,,,,,
20,617,181108,CB,6098,A,FC09,dead suipu %,0.0002,,,,,,,,,,,,,,,,,,,
20,618,181108,CB,6098,A,FC09,extra thete,0.0027,,,,,,,,,,,,,,,,,,,
20,619,181108,CB,6076,none,FC10,shoot,0.6073,,,,,,,,,,,,,,,,,,,
20,620,181108,CB,6076,B,FC10,extra roots,0.4311,,,,,,,,,,,,,,,,,,,
20,621,181108,CB,6072,B,FC10,extra roots,0.5039,,,,,,,,,,,,,,,,,,,
20,622,181108,CB,6040,A,FC09,extra roots,0.3426,,,,,,,,,,,,,,,,,,,
20,623,181108,CB,6098,B,FC09,extra roots,0.3893,,,,,,,,,,,,,,,,,,,
20,624,181108,CB,6098,B,FC09,thete % live,0.0022,,,,,,,,,,,,,,,,,,,
20,625,181108,CB,6087,A,FC09,dead mycos %,0.0099,,,,,,,,,,,,,,,,,,,
20,626,181108,CB,6040,A,FC09,mycos %,0.2364,,,,,,,,,,,,,,,,,,,
20,627,181108,CB,6051,B,FC09,extra roots,0.4008,,,,,,,,,,,,,,,,,,,
20,628,181108,CB,6051,B,FC09,mycos %,0.0218,,,,,,,,,,,,,,,,,,,
20,629,181108,CB,6087,A,FC09,NM %,0.0695,,,,,,,,,,,,,,,,,,,
20,630,181108,CB,6087,B,FC09,NM %,0.0342,,,,,,,,,,,,,,,,,,,
20,631,181108,CB,6087,B,FC09,dead mycos %,0.0075,,,,,,,,,,,,,,,,,,,
20,632,181108,CB,6087,A,FC09,live mycos %,0.0216,,,,,,,,,,,,,,,,,,,
20,633,181108,CB,6087,B,FC09,extra shoots,0.6665,,,,,,,,,,,,,,,,,,,
20,634,181108,CB,6098,none,FC09,shoot,0.9577,,,,,,,,,,,,,,,,,,,
20,635,181108,CB,6051,none,FC09,shoot,0.9407,,,,,,,,,,,,,,,,,,,
20,636,181108,CB,6072,B,FC10,NM %,0.06593,,,,,,,,,,,,,,,,,,,
20,637,181108,CB,6072,B,FC10,mycos %,0.0209,,,,,,,,,,,,,,,,,,,
20,638,181108,CB,6056,B,FC10,NM %,0.0195,,,,,,,,,,,,,,,,,,,
20,639,181108,CB,6072,A,FC10,mycos %,0.0174,,,,,,,,,,,,,,,,,,,
20,640,181108,CB,6072,A,FC10,NM %,0.0122,,,,,,,,,,,,,,,,,,,
20,641,181108,CB,6072,A,FC10,rhizos,NA,,,,,,,,,,,,,,,,,,,
20,642,181108,CB,6072,A,FC10,extra roots,0.0695,,,,,,,,,,,,,,,,,,,
20,643,181108,CB,6076,A,FC10,extra roots,0.0354,,,,,,,,,,,,,,,,,,,
20,644,181108,CB,6076,A,FC10,NM %,0.0327,,,,,,,,,,,,,,,,,,,
20,645,181108,CB,6075,A,FC10,mycos %,0.0065,,,,,,,,,,,,,,,,,,,
20,646,181108,CB,6075,A,FC10,NM %,0.0158,,,,,,,,,,,,,,,,,,,
20,647,181108,CB,6076,B,FC10,NM %,0.0406,,,,,,,,,,,,,,,,,,,
21,648,181108,CB,6075,A,FC10,other %,0.0015,,,,,,,,,,,,,,,,,,,
21,649,181108,CB,6040,none,FC09,shoot,1.1449,,,,,,,,,,,,,,,,,,,
21,650,181108,CB,6051,B,FC09,other %,0.0073,,,,,,,,,,,,,,,,,,,
21,651,181108,CB,6040,A,FC09,other %,0.0017,,,,,,,,,,,,,,,,,,,
21,652,181108,CB,6087,B,FC09,other %,0.0196,,,,,,,,,,,,,,,,,,,
21,653,181108,CB,6055,B,FC09,hyphae,NA,,,,,,,,,,,,,,,,,,,
21,654,181108,CB,6051,B,FC09,hyphae,NA,,,,,,,,,,,,,,,,,,,
21,655,181108,CB,6055,B,FC09,mycos %,0.0192,,,,,,,,,,,,,,,,,,,
21,656,181108,CB,6055,B,FC09,dead mycos %,0.0003,,,,,,,,,,,,,,,,,,,
21,657,181108,CB,6055,B,FC09,other %,0.0051,,,,,,,,,,,,,,,,,,,
21,658,181108,CB,6055,B,FC09,NM %,0.1025,,,,,,,,,,,,,,,,,,,
21,659,181108,CB,6055,B,FC09,extra roots,0.4607,,,,,,,,,,,,,,,,,,,
21,660,181108,CB,6087,A,FC09,other %,0.0076,,,,,,,,,,,,,,,,,,,
21,661,181108,CB,6072,B,FC10,other %,0.0056,,,,,,,,,,,,,,,,,,,
21,662,181108,CB,6098,A,FC09,other %,0.0029,,,,,,,,,,,,,,,,,,,
21,663,181108,CB,6098,A,FC09,extra roots,0.355,,,,,,,,,,,,,,,,,,,
21,664,181108,CB,6098,A,FC09,extra dead suipu,0.0095,,,,,,,,,,,,,,,,,,,
21,665,181108,CB,6098,A,FC09,NM %,0.0411,,,,,,,,,,,,,,,,,,,
21,666,181108,CB,6098,A,FC09,suipu %,0.0014,"envelope says ""sort of alive.""",,,,,,,,,,,,,,,,,,
21,667,181108,CB,6098,B,FC09,other %,0.0037,,,,,,,,,,,,,,,,,,,
21,668,181108,CB,6098,B,FC09,NM %,0.0391,,,,,,,,,,,,,,,,,,,
21,669,181108,CB,6028,B,FC09,extra roots,0.7792,,,,,,,,,,,,,,,,,,,
21,670,181108,CB,6028,B,FC09,other %,0.0084,,,,,,,,,,,,,,,,,,,
21,671,181108,CB,6028,B,FC09,hyphae / fruit,NA,,,,,,,,,,,,,,,,,,,
21,672,181108,CB,6028,B,FC09,NM %,0.0301,,,,,,,,,,,,,,,,,,,
21,673,181108,CB,6028,B,FC09,mycos %,0.0629,,,,,,,,,,,,,,,,,,,
21,674,181108,CB,6028,B,FC09,dead mycos %,0.0105,,,,,,,,,,,,,,,,,,,
21,675,181108,CB,6028,A,FC09,extra roots,0.8265,,,,,,,,,,,,,,,,,,,
21,676,181108,CB,6028,A,FC09,extra suipu,0.0182,,,,,,,,,,,,,,,,,,,
21,677,181108,CB,6028,A,FC09,suipu mycos %,0.0061,,,,,,,,,,,,,,,,,,,
22,678,181114,AV,6030,none,FC11,before,0.00937,,,,,,,,,,,,,,,,,,,
22,679,181114,AV,6014,B,FC07,NM %,0.03839,,,,,,,,,,,,,,,,,,,
22,680,181114,AV,6036,none,FC11,before,0.00785,,,,,,,,,,,,,,,,,,,
22,681,181114,AV,6025,B,FC07,extra roots,0.6755,,,,,,,,,,,,,,,,,,,
22,682,181114,AV,6069,none,FC11,before,0.0669,,,,,,,,,,,,,,,,,,,
22,683,181114,AV,6022,B,FC07,crust,NA,,,,,,,,,,,,,,,,,,,
22,684,181114,AV,6020,none,FC11,before,0.00684,,,,,,,,,,,,,,,,,,,
22,685,181114,AV,6071,none,FC11,before,0.01481,,,,,,,,,,,,,,,,,,,
22,686,181114,AV,6002,A,FC07,other %,0.00297,,,,,,,,,,,,,,,,,,,
22,687,181114,AV,6002,B,FC07,other %,0.00412,,,,,,,,,,,,,,,,,,,
22,688,181114,AV,6002,A,FC07,NM %,0.02184,,,,,,,,,,,,,,,,,,,
22,689,181114,AV,6025,B,FC07,mycos %,0.01307,,,,,,,,,,,,,,,,,,,
22,690,181114,AV,6014,A,FC07,extra roots,0.35205,,,,,,,,,,,,,,,,,,,
22,691,181114,AV,6014,A,FC07,NM %,0.02933,,,,,,,,,,,,,,,,,,,
22,692,181114,AV,6025,AR,FC07,THETE crust,0.74255,"I believe this is a crust (labeled ""(M"" originally, found envelope, handwriting is bad.). Exclude.",,,,,,,,,,,,,,,,,,
22,693,181114,AV,6025,A,FC07,hyphae,NA,,,,,,,,,,,,,,,,,,,
22,694,181114,AV,6025,A,FC07,THETE crust,NA,,,,,,,,,,,,,,,,,,,
22,695,181114,AV,6014,B,FC07,extra roots,0.24749,,,,,,,,,,,,,,,,,,,
22,696,181114,AV,6022,B,FC07,other %,0.01175,,,,,,,,,,,,,,,,,,,
22,697,181114,AV,6025,B,FC07,other %,0.02796,,,,,,,,,,,,,,,,,,,
22,698,181114,AV,6025,B,FC07,NM %,0.02365,,,,,,,,,,,,,,,,,,,
22,699,181114,AV,6025,A,FC07,extra roots,0.90869,,,,,,,,,,,,,,,,,,,
22,700,181114,AV,6025,A,FC07,mycos %,0.01655,,,,,,,,,,,,,,,,,,,
22,701,181114,AV,6025,B,FC07,dead mycos %,0.01904,,,,,,,,,,,,,,,,,,,
22,702,181114,AV,6055,none,FC09,before,0.0174,,,,,,,,,,,,,,,,,,,
22,703,181114,AV,6087,none,FC09,before,0.02429,,,,,,,,,,,,,,,,,,,
22,704,181114,AV,6028,none,FC09,before,0.01588,,,,,,,,,,,,,,,,,,,
22,705,181114,AV,6025,A,FC07,NM %,0.03826,,,,,,,,,,,,,,,,,,,
22,706,181114,AV,6040,none,FC09,before,0.00809,,,,,,,,,,,,,,,,,,,
22,707,181114,AV,6025,A,FC07,other %,0.0042,,,,,,,,,,,,,,,,,,,
22,708,181114,AV,6015,none,FC07,shoot,1.9595,,,,,,,,,,,,,,,,,,,
22,709,181114,AV,6041,none,FC07,shoot,1.026,,,,,,,,,,,,,,,,,,,
22,710,181114,AV,6022,none,FC07,shoot,3.4125,,,,,,,,,,,,,,,,,,,
22,711,181114,AV,6051,none,FC09,before,0.0074,,,,,,,,,,,,,,,,,,,
22,712,181114,AV,6098,none,FC09,before,0.0233,,,,,,,,,,,,,,,,,,,
23,713,181130,AV,6027,B,FC15,dead roots,0.0036,dead - failed split root,,,,,,,,,,,,,,,,,,
23,714,181130,AV,6027,A,FC15,other %,0.00452,,,,,,,,,,,,,,,,,,,
23,715,181130,AV,6027,A,FC15,extra roots,0.84995,,,,,,,,,,,,,,,,,,,
23,716,181130,AV,6027,A,FC15,hyphae,NA,,,,,,,,,,,,,,,,,,,
23,717,181130,AV,6006,B,FC15,mycos %,0.00873,,,,,,,,,,,,,,,,,,,
23,718,181130,AV,6027,AR,FC15,crust,NA,,,,,,,,,,,,,,,,,,,
23,719,181130,AV,6006,A,FC15,NM %,0.04745,,,,,,,,,,,,,,,,,,,
23,720,181130,AV,6093,B,FC15,mycos %,0.05466,,,,,,,,,,,,,,,,,,,
23,721,181130,AV,6006,A,FC15,extra roots,0.59163,,,,,,,,,,,,,,,,,,,
23,722,181130,AV,6027,A,FC15,mycos %,0.04506,,,,,,,,,,,,,,,,,,,
23,723,181130,AV,6006,A,FC15,other %,0.01271,,,,,,,,,,,,,,,,,,,
23,724,181130,AV,6027,A,FC15,NM %,0.05124,,,,,,,,,,,,,,,,,,,
23,725,181130,AV,6006,B,FC15,other %,0.00129,,,,,,,,,,,,,,,,,,,
23,726,181130,AV,6026,B,FC15,mycos %,0.00917,,,,,,,,,,,,,,,,,,,
23,727,181130,AV,6006,B,FC15,extra roots,0.6219,,,,,,,,,,,,,,,,,,,
23,728,181130,AV,6006,A,FC15,mycos %,0.0131,,,,,,,,,,,,,,,,,,,
23,729,181130,AV,6006,BR,FC15,hyphae,NA,,,,,,,,,,,,,,,,,,,
23,730,181130,AV,6006,BR,FC15,crust,NA,,,,,,,,,,,,,,,,,,,
23,731,181130,AV,6006,AR,FC15,crust,NA,,,,,,,,,,,,,,,,,,,
23,732,181130,AV,6006,BF,FC15,crust,NA,,,,,,,,,,,,,,,,,,,
23,733,181130,AV,6026,B,FC15,other %,0.01316,,,,,,,,,,,,,,,,,,,
23,734,181130,AV,6026,B,FC15,hyphae / crust,NA,,,,,,,,,,,,,,,,,,,
23,735,181130,AV,6026,B,FC15,NM %,0.04317,,,,,,,,,,,,,,,,,,,
24,736,181106,CB,6063,none,FC02,shoot,0.7735,,,,,,,,,,,,,,,,,,,
24,737,181106,CB,6012,B,FC02,roots % col,0.0355,,,,,,,,,,,,,,,,,,,
24,738,181106,CB,6082,A,FC02,rhizo,NA,,,,,,,,,,,,,,,,,,,
24,739,181106,CB,6082,B,FC02,live mycos %,0.0113,,,,,,,,,,,,,,,,,,,
24,740,181106,CB,6063,A,FC02,mycos dead %,0.0031,,,,,,,,,,,,,,,,,,,
24,741,181106,CB,6049,A,FC02,mycos %,0.0172,,,,,,,,,,,,,,,,,,,
24,742,181106,CB,6012,none,FC02,shoot,1.58,,,,,,,,,,,,,,,,,,,
24,743,181106,CB,6012,A,FC02,dead mycos %,0.0129,,,,,,,,,,,,,,,,,,,
24,744,181106,CB,6012,A,FC02,roots %,0.0704,,,,,,,,,,,,,,,,,,,
24,745,181106,CB,6012,A,FC02,mycos %,0.0927,,,,,,,,,,,,,,,,,,,
24,746,181106,CB,6063,B,FC02,roots %,0.0183,,,,,,,,,,,,,,,,,,,
24,747,181106,CB,6012,B,FC02,mycos % dead col,0.0051,,,,,,,,,,,,,,,,,,,
24,748,181106,CB,6012,B,FC02,mycos % col live,0.0038,,,,,,,,,,,,,,,,,,,
24,749,181106,CB,6063,B,FC02,term. fine roots % col,0.0152,,,,,,,,,,,,,,,,,,,
24,750,181106,CB,6063,B,FC02,other roots,0.458,,,,,,,,,,,,,,,,,,,
24,751,181106,CB,6063,A,FC02,other roots,0.1008,,,,,,,,,,,,,,,,,,,
24,752,181106,CB,6063,A,FC02,live mycos %,0.0122,,added %,,,,,,,,,,,,,,,,,
24,753,181106,CB,6043,A,FC02,roots for % col,0.1021,,,,,,,,,,,,,,,,,,,
24,754,181106,CB,6082,B,FC02,other roots,0.9678,,,,,,,,,,,,,,,,,,,
24,755,181106,CB,6082,A,FC02,roots %,0.0057,,,,,,,,,,,,,,,,,,,
24,756,181106,CB,6082,none,FC02,shoot,2.1071,,,,,,,,,,,,,,,,,,,
24,757,181106,CB,6043,none,FC02,shoot,1.9522,13C / 15N,,,,,,,,,,,,,,,,,,
24,758,181106,CB,6082,B,FC02,dead mycos %,0.001,,,,,,,,,,,,,,,,,,,
24,759,181106,CB,6012,B,FC02,other roots,0.5254,,,,,,,,,,,,,,,,,,,
24,760,181106,CB,6018,A,FC02,roots for % col,0.0122,13C / 15N,,,,,,,,,,,,,,,,,,
24,761,181106,CB,6048,B,FC02,roots for % col,0.0211,13C / 15N,,,,,,,,,,,,,,,,,,
24,762,181106,CB,6043,A,FC02,mycos %,0.0162,,added %,,,,,,,,,,,,,,,,,
24,763,181106,CB,6043,B,FC02,other roots,0.5914,,,,,,,,,,,,,,,,,,,
25,764,181029,LB,6102,B,FC16,mycos %,0.06504,,,,,,,,,,,,,,,,,,,
25,765,181029,LB,6103,A,FC16,mycos %,0.01654,,,,,,,,,,,,,,,,,,,
25,766,181029,LB,6103,B,FC16,rhizomorphs,0.00309,,,,,,,,,,,,,,,,,,,
25,767,181029,LB,6102,A,FC16,rhizomorphs,0.00089,,,,,,,,,,,,,,,,,,,
25,768,181029,LB,6010,A,FC16,NM %,0.08667,,,,,,,,,,,,,,,,,,,
25,769,181029,LB,6010,B,FC16,NM %,0.10235,,,,,,,,,,,,,,,,,,,
25,770,181029,LB,6102,A,FC16,NM %,0.03753,,,,,,,,,,,,,,,,,,,
25,771,181029,LB,6099,B,FC16,mycos %,0.0144,,,,,,,,,,,,,,,,,,,
25,772,181029,LB,6102,A,FC16,mycos %,0.00954,,,,,,,,,,,,,,,,,,,
25,773,181029,LB,6103,B,FC16,mycos %,0.00451,,,,,,,,,,,,,,,,,,,
25,774,181029,LB,6099,A,FC16,NM %,0.05362,,,,,,,,,,,,,,,,,,,
25,775,181029,LB,6010,A,FC16,rhizomorphs,0.01478,,,,,,,,,,,,,,,,,,,
25,776,181029,LB,6102,B,FC16,NM %,0.03121,,,,,,,,,,,,,,,,,,,
26,777,190110,AV,6088,B,FC01,mycos %,0.00704,13C / 15N,added %,,,,,,,,,,,,,,,,,
26,778,190110,AV,6007,B,FC01,mycos %,0.01336,13C / 15N,added %,,,,,,,,,,,,,,,,,
26,779,190110,AV,6007,B,FC01,hyphae,NA,13C / 15N,,,,,,,,,,,,,,,,,,
26,780,190110,AV,6007,B,FC01,roots %,0.0356,13C / 15N,added %,,,,,,,,,,,,,,,,,
26,781,190110,AV,6007,B,FC01,dead mycos %,0.00069,13C / 15N,added %,,,,,,,,,,,,,,,,,
26,782,190110,AV,6100,B,FC01,crust,NA,13C / 15N,,,,,,,,,,,,,,,,,,
26,783,190110,AV,6100,none,FC01,crust ,NA,13C / 15N,peeled from shoot,,,,,,,,,,,,,,,,,
26,784,190110,AV,6033,B,FC01,hyphae,NA,13C / 15N,,,,,,,,,,,,,,,,,,
26,785,190110,AV,6100,B,FC01,hyphae,NA,13C / 15N,,,,,,,,,,,,,,,,,,
26,786,190110,AV,6100,A,FC01,hyphae and rhizomorphs,NA,13C / 15N,,,,,,,,,,,,,,,,,,
26,787,190110,AV,6007,A ,FC01,other roots,0.13187,13C / 15N,,,,,,,,,,,,,,,,,,
26,788,190110,AV,6061,B,FC01,mycos %,0.00306,13C / 15N,added %,,,,,,,,,,,,,,,,,
26,789,190110,AV,6100,A,FC01,roots %,0.02585,13C / 15N,,,,,,,,,,,,,,,,,,
26,790,190110,AV,6057,A,FC01,suipu mycos %,0.00259,13C / 15N,,,,,,,,,,,,,,,,,,
26,791,190110,AV,6031,B,FC01,mycos %,0.0034,13C / 15N,,,,,,,,,,,,,,,,,,
26,792,190110,AV,6100,A,FC01,other roots,0.17755,13C / 15N,,,,,,,,,,,,,,,,,,
26,793,190110,AV,6033,B,FC01,other roots,0.09973,13C / 15N,,,,,,,,,,,,,,,,,,
26,794,190110,AV,6100,B,FC01,other roots,0.39802,13C / 15N,,,,,,,,,,,,,,,,,,
26,795,190110,AV,6100,B,FC01,roots %,0.06899,13C / 15N,,,,,,,,,,,,,,,,,,
26,796,190110,AV,6057,B,FC01,other roots,0.0726,13C / 15N,,,,,,,,,,,,,,,,,,
26,797,190110,AV,6061,B,FC01,roots %,0.05926,13C / 15N,,,,,,,,,,,,,,,,,,
26,798,190110,AV,6057,B,FC01,roots %,0.04595,13C / 15N,,,,,,,,,,,,,,,,,,
26,799,190110,AV,6057,B,FC01,mycos %,0.02002,13C / 15N,added %,,,,,,,,,,,,,,,,,
26,800,190110,AV,6061,A,FC01,other roots,0.27434,13C / 15N,,,,,,,,,,,,,,,,,,
26,801,190110,AV,6057,A,FC01,dead mycos %,0.00511,13C / 15N weird plant # (read FC057A),,,,,,,,,,,,,,,,,,
26,802,190110,AV,6088,B,FC01,other roots,0.33992,13C / 15N,,,,,,,,,,,,,,,,,,
26,803,190110,AV,6057,none,FC01,shoot,0.38091,13C / 15N,,,,,,,,,,,,,,,,,,
26,804,190110,AV,6057,A,FC01,roots %,0.02152,13C / 15N,,,,,,,,,,,,,,,,,,
26,805,190110,AV,6057,A,FC01,other roots,0.13466,13C / 15N,,,,,,,,,,,,,,,,,,
27,806,181130,AV,6056,A,FC10,extra suipu,0.00218,,,,,,,,,,,,,,,,,,,
27,807,181130,AV,6056,A,FC10,extra roots,0.16175,,,,,,,,,,,,,,,,,,,
27,808,181130,AV,6056,A,FC10,other %,0.00115,,,,,,,,,,,,,,,,,,,
27,809,181130,AV,6056,A,FC10,NM %,0.0147,,,,,,,,,,,,,,,,,,,
27,810,181130,AV,6056,A,FC10,suipu dead %,0.00358,,,,,,,,,,,,,,,,,,,
27,811,181130,AV,6056,A,FC10,suipu live %,0.0007,,,,,,,,,,,,,,,,,,,
27,812,181130,AV,6056,A,FC10,THETE live %,0.01228,,,,,,,,,,,,,,,,,,,
27,813,181130,AV,6056,B,FC10,extra roots,0.38242,,,,,,,,,,,,,,,,,,,
27,814,181130,AV,6056,B,FC10,mycos %,0.01282,,,,,,,,,,,,,,,,,,,
27,815,181130,AV,6056,B,FC10,other %,0.00235,,,,,,,,,,,,,,,,,,,
27,816,181130,AV,6039,A,FC10,other %,0.00414,,,,,,,,,,,,,,,,,,,
27,817,181130,AV,6039,A,FC10,mycos %,0.01556,,,,,,,,,,,,,,,,,,,
27,818,181130,AV,6039,A,FC10,NM %,0.03221,,,,,,,,,,,,,,,,,,,
27,819,181130,AV,6039,A,FC10,extra roots,0.4351,,,,,,,,,,,,,,,,,,,
27,820,181130,AV,6039,B,FC10,extra roots,0.41025,,,,,,,,,,,,,,,,,,,
27,821,181130,AV,6039,B,FC10,NM %,0.05432,,,,,,,,,,,,,,,,,,,
27,822,181130,AV,6013,A,FC10,live mycos %,0.00227,,,,,,,,,,,,,,,,,,,
27,823,181130,AV,6013,A,FC10,dead mycos %,0.00169,,,,,,,,,,,,,,,,,,,
27,824,181130,AV,6013,A,FC10,other %,0.00337,,,,,,,,,,,,,,,,,,,
27,825,181130,AV,6013,A,FC10,TFRs %,0.00541,,,,,,,,,,,,,,,,,,,
27,826,181130,AV,6013,A,FC10,extra roots,0.28014,,,,,,,,,,,,,,,,,,,
27,827,181130,AV,6013,A,FC10,NM %,0.01716,,,,,,,,,,,,,,,,,,,
27,828,181130,AV,6013,A,FC10,extra mycos,0.00215,,,,,,,,,,,,,,,,,,,
27,829,181130,AV,6013,B,FC10,NM %,0.49112,,,,,,,,,,,,,,,,,,,
27,830,181130,AV,6013,B,FC10,extra roots,0.03335,,,,,,,,,,,,,,,,,,,
27,831,181130,AV,6013,none,FC10,shoot,0.81947,,,,,,,,,,,,,,,,,,,
27,832,181130,AV,6056,none,FC10,shoot,0.55474,,,,,,,,,,,,,,,,,,,
27,833,181130,AV,6039,none,FC10,shoot,0.81986,,,,,,,,,,,,,,,,,,,
28,834,190111,AV,6006,none,FC15,shoot,2.8452,,,,,,,,,,,,,,,,,,,
28,835,190111,AV,6093,none,FC15,shoot,4.33887,,,,,,,,,,,,,,,,,,,
28,836,190111,AV,6027,none,FC15,shoot,2.17423,,,,,,,,,,,,,,,,,,,
28,837,190111,AV,6026,none,FC15,shoot,2.77495,,,,,,,,,,,,,,,,,,,
28,838,190111,AV,6093,AR,FC15,crust,NA,,,,,,,,,,,,,,,,,,,
28,839,190111,AV,6026,A,FC15,hyphae / crust,NA,,,,,,,,,,,,,,,,,,,
28,840,190111,AV,6093,B,FC15,hyphae / rhizo,NA,,,,,,,,,,,,,,,,,,,
28,841,190111,AV,6093,A,FC15,rhizomorphs,NA,,,,,,,,,,,,,,,,,,,
28,842,190111,AV,6093,A,FC15,other %,0.017,,,,,,,,,,,,,,,,,,,
28,843,190111,AV,6093,B,FC15,extra roots,0.7254,,,,,,,,,,,,,,,,,,,
28,844,190111,AV,6093,B,FC15,other %,0.00777,,,,,,,,,,,,,,,,,,,
28,845,190111,AV,6026,A,FC15,extra roots,0.75609,,,,,,,,,,,,,,,,,,,
28,846,190111,AV,6026,A,FC15,other %,0.0096,,,,,,,,,,,,,,,,,,,
28,847,190111,AV,6026,B,FC15,extra roots,0.25843,,,,,,,,,,,,,,,,,,,
28,848,190111,AV,6093,A,FC15,extra roots,1.0063,,,,,,,,,,,,,,,,,,,
28,849,190111,AV,6093,B,FC15,NM %,0.04635,,,,,,,,,,,,,,,,,,,
28,850,190111,AV,6026,A,FC15,NM %,0.08232,,,,,,,,,,,,,,,,,,,
28,851,190111,AV,6026,A,FC15,mycos %,0.02705,,,,,,,,,,,,,,,,,,,
28,852,190111,AV,6006,B,FC15,NM %,0.02901,,,,,,,,,,,,,,,,,,,
28,853,190111,AV,6093,A,FC15,mycos %,0.06445,,,,,,,,,,,,,,,,,,,
28,854,190111,AV,6093,A,FC15,NM %,0.1474,,,,,,,,,,,,,,,,,,,
29,855,190110,AV,6100,A,FC01,mycos %,0.01449,,added %,,,,,,,,,,,,,,,,,
29,856,190110,AV,6033,B,FC01,roots %,0.05809,,,,,,,,,,,,,,,,,,,
29,857,190110,AV,6100,B,FC01,mycos %,0.01496,,added %,,,,,,,,,,,,,,,,,
29,858,190110,AV,6033,A,FC01,mycos %,0.0094,,,,,,,,,,,,,,,,,,,
29,859,190110,AV,6061,A,FC01,roots %,0.01527,,,,,,,,,,,,,,,,,,,
29,860,190110,AV,6061,A,FC01,TFR %,0.00693,terminal fine roots,,,,,,,,,,,,,,,,,,
29,861,190110,AV,6061,B,FC01,other roots,0.2722,,,,,,,,,,,,,,,,,,,
29,862,190110,AV,6033,B,FC01,mycos %,0.00314,extra mycos for isotopes,added %,,,,,,,,,,,,,,,,,
29,863,190110,AV,6088,A,FC01,mycos %,0.01057,,added %,,,,,,,,,,,,,,,,,
29,864,190110,AV,6033,A,FC01,hyphae,NA,,,,,,,,,,,,,,,,,,,
29,865,190110,AV,6033,A,FC01,roots %,0.02336,,,,,,,,,,,,,,,,,,,
29,866,190110,AV,6057,A,FC01,mycos %,0.01115,THETE mycos %,,,,,,,,,,,,,,,,,,
29,867,190110,AV,6088,B,FC01,roots %,0.02207,,,,,,,,,,,,,,,,,,,
29,868,190110,AV,6088,A,FC01,roots %,0.01399,,,,,,,,,,,,,,,,,,,
29,869,190110,AV,6007,B,FC01,other roots,0.19225,,,,,,,,,,,,,,,,,,,
29,870,190110,AV,6007,A,FC01,roots %,0.01825,,,,,,,,,,,,,,,,,,,
29,871,190110,AV,6033,none,FC01,shoot,0.48758,,,,,,,,,,,,,,,,,,,
29,872,190110,AV,6007,A,FC01,fine roots %,0.01272,terminal fine roots %,added %,,,,,,,,,,,,,,,,,
29,873,190110,AV,6033,A,FC01,other roots,0.15573,,,,,,,,,,,,,,,,,,,
29,874,190110,AV,6088,A,FC01,other roots,0.42214,,,,,,,,,,,,,,,,,,,
29,875,190110,AV,6033,A,FC01,dead mycos %,0.00296,,,,,,,,,,,,,,,,,,,
29,876,190110,AV,6088,none,FC01,shoot,0.84949,,,,,,,,,,,,,,,,,,,
29,877,190110,AV,6057,A,FC01,extra suipu for isotopes,0.00366,,,,,,,,,,,,,,,,,,,
29,878,190110,AV,6100,none,FC01,shoot,0.58335,,,,,,,,,,,,,,,,,,,
29,879,190110,AV,6061,none,FC01,shoot,0.645,scale wouldn't stick w number,,,,,,,,,,,,,,,,,,
29,880,190110,AV,6007,none,FC01,shoot,0.46426,,,,,,,,,,,,,,,,,,,
30,881,190116,CB,6034,B,FC05,liveish mycos cf. suipu %,0.01653,sample rolled off scale onto bench,,,,,,,,,,,,,,,,,,
30,882,190116,CB,6059,B,FC05,other %,0.01597,,,,,,,,,,,,,,,,,,,
30,883,190116,CB,6050,A,FC05,NM %,0.03281,,,,,,,,,,,,,,,,,,,
30,884,190116,CB,6059,none,FC05,shoot,1.51729,,,,,,,,,,,,,,,,,,,
30,885,190116,CB,6064,B,FC05,extra roots,0.5618,,,,,,,,,,,,,,,,,,,
30,886,190116,CB,6034,B,FC05,live mycos cf. THETE %,0.00737,,,,,,,,,,,,,,,,,,,
30,887,190116,CB,6064,B,FC05,mycos %,0.00667,,,,,,,,,,,,,,,,,,,
30,888,190116,CB,6064,A,FC05,extra mycos,0.00471,,,,,,,,,,,,,,,,,,,
30,889,190116,CB,6034,B,FC05,dead mycos %,0.02213,,,,,,,,,,,,,,,,,,,
30,890,190116,CB,6034,B,FC05,NM %,0.04802,,,,,,,,,,,,,,,,,,,
30,891,190116,CB,6050,A,FC05,dead mycos %,0.00794,,,,,,,,,,,,,,,,,,,
30,892,190116,CB,6034,AR,FC05,crust,NA,,,,,,,,,,,,,,,,,,,
31,895,190111,AV,6050,B,FC05,other %,0.01218,,,,,,,,,,,,,,,,,,,
31,897,190111,AV,6097,A,FC05,other %,0.00396,plant # unclear,,,,,,,,,,,,,,,,,,
31,901,190117,AV,6050,A,FC05,extra mycos,0.03639,,,,,,,,,,,,,,,,,,,
31,902,190117,AV,6050,B,FC05,dead mycos %,0.02985,,,,,,,,,,,,,,,,,,,
31,903,190117,AV,6059,B,FC05,hyphae,NA,,,,,,,,,,,,,,,,,,,
31,904,190117,AV,6059,B,FC05,mycos %,0.02551,,,,,,,,,,,,,,,,,,,
31,906,190117,AV,6059,B,FC05,NM %,0.03633,,,,,,,,,,,,,,,,,,,
31,907,190117,AV,6064,A,FC05,other %,0.01334,,,,,,,,,,,,,,,,,,,
31,908,190117,AV,6050,A,FC05,mycos %,0.01354,,,,,,,,,,,,,,,,,,,
31,909,190117,AV,6034,B,FC05,other %,0.0057,,,,,,,,,,,,,,,,,,,
31,910,190117,AV,6050,A,FC05,other %,0.00272,,,,,,,,,,,,,,,,,,,
31,911,190117,AV,6064,A,FC05,mycos %,0.00185,,,,,,,,,,,,,,,,,,,
31,912,190117,AV,6050,B,FC05,mycos %,0.02736,,,,,,,,,,,,,,,,,,,
31,913,190117,AV,6064,A,FC05,dead mycos %,0.0124,,,,,,,,,,,,,,,,,,,
31,914,190117,AV,6050,A,FC05,extra roots,0.41708,,,,,,,,,,,,,,,,,,,
31,915,190117,AV,6064,A,FC05,NM %,0.02895,,,,,,,,,,,,,,,,,,,
31,916,190117,AV,6074,none,FC08,before,0.00745,,,,,,,,,,,,,,,,,,,
31,917,190117,AV,6101,none,FC08,before,0.01458,,,,,,,,,,,,,,,,,,,
31,918,190117,AV,6029,none,FC08,before,0.00727,,,,,,,,,,,,,,,,,,,
31,919,190117,AV,6053,none,FC08,before,0.00869,,,,,,,,,,,,,,,,,,,
31,920,190117,AV,6050,B,FC05,extra roots,0.70004,,,,,,,,,,,,,,,,,,,
32,921,190116,CB,6050,none,FC05,shoot,1.2026,,,,,,,,,,,,,,,,,,,
32,922,190116,CB,6097,none,FC05,shoot,1.73203,,,,,,,,,,,,,,,,,,,
32,923,190116,CB,6097,B,FC05,mycos %,0.02726,,,,,,,,,,,,,,,,,,,
32,924,190116,CB,6097,B,FC05,hyphae,NA,,,,,,,,,,,,,,,,,,,
32,925,190116,CB,6097,B,FC05,NM %,0.05983,,,,,,,,,,,,,,,,,,,
32,926,190116,CB,6034,B,FC05,extra suipu type mycos,0.00469,or THETE? (I put it in encapsulate),,,,,,,,,,,,,,,,,,
32,927,190116,CB,6097,A,FC05,extra roots,0.77311,,,,,,,,,,,,,,,,,,,
32,928,190116,CB,6034,B,FC05,extra roots,0.21729,,,,,,,,,,,,,,,,,,,
32,929,190116,CB,6034,none,FC05,shoot,2.02785,,,,,,,,,,,,,,,,,,,
32,930,190116,CB,6064,none,FC05,shoot,1.09949,,,,,,,,,,,,,,,,,,,
32,931,190116,CB,6059,B,FC05,extra roots,0.58482,,,,,,,,,,,,,,,,,,,
32,932,190116,CB,6092,none,FC08,before,0.00899,,,,,,,,,,,,,,,,,,,
32,933,190116,CB,6097,A,FC05,hyphae,NA,,,,,,,,,,,,,,,,,,,
32,934,190116,CB,6097,A,FC05,NM %,0.03519,,,,,,,,,,,,,,,,,,,
32,935,190116,CB,6059,A,FC05,crust,NA,"failed split, no roots this side",,,,,,,,,,,,,,,,,,
32,936,190116,CB,6059,A,FC05,fruit,NA,"failed split, no roots this side",,,,,,,,,,,,,,,,,,
32,937,190116,CB,6050,B,FC05,NM %,0.02713,,,,,,,,,,,,,,,,,,,
32,938,190116,CB,6064,B,FC05,NM %,0.01344,,,,,,,,,,,,,,,,,,,
32,939,190116,CB,6097,A,FC05,dead mycos %,0.00081,,,,,,,,,,,,,,,,,,,
32,940,190116,CB,6097,A,FC05,mycos %,0.02779,,,,,,,,,,,,,,,,,,,
32,941,190116,CB,6034,A,FC05,extra roots,0.39867,,,,,,,,,,,,,,,,,,,
32,942,190116,CB,6034,A,FC05,mycos %,0.02442,,,,,,,,,,,,,,,,,,,
32,943,190116,CB,6064,B,FC05,other %,0.01875,,,,,,,,,,,,,,,,,,,
32,944,190116,CB,6034,A,FC05,other %,0.0079,,,,,,,,,,,,,,,,,,,
32,945,190116,CB,6064,A,FC05,extra roots,0.15125,,,,,,,,,,,,,,,,,,,
32,946,190116,CB,6059,B,FC05,dead roots,0.02237,,,,,,,,,,,,,,,,,,,
32,947,190116,CB,6097,B,FC05,other %,0.0383,,,,,,,,,,,,,,,,,,,
32,948,190116,CB,6034,A,FC05,NM %,0.03229,,,,,,,,,,,,,,,,,,,
33,950,190118,AV,6091,B,FC Baseline,extra roots,0.61783,,,,,,,,,,,,,,,,,,,
33,951,190118,AV,6091,A,FC Baseline,extra roots,0.39561,,,,,,,,,,,,,,,,,,,
33,952,190118,AV,6091,A,FC Baseline,NM %,0.03555,,,,,,,,,,,,,,,,,,,
33,953,190118,AV,6091,A,FC Baseline,hyphae,NA,,,,,,,,,,,,,,,,,,,
33,954,190118,AV,6091,A,FC Baseline,mycos %,0.07396,,,,,,,,,,,,,,,,,,,
33,955,190118,AV,6091,A,FC Baseline,other %,0.00703,,,,,,,,,,,,,,,,,,,
33,956,190118,AV,6091,A,FC Baseline,crust,NA,,,,,,,,,,,,,,,,,,,
33,957,190118,AV,6091,B,FC Baseline,NM %,0.03595,,,,,,,,,,,,,,,,,,,
33,958,190118,AV,6105,B,171025LB,mycos %,0.01537,3hrs in D1 H20,"ectos, unenriched",,,,,,,,,,,,,,,,,
33,959,190118,AV,6105,none,171025LB,shoot,0.38303,unenriched LN test,,,,,,,,,,,,,,,,,,
33,960,190118,AV,6091,none,FC Baseline,shoot,2.22568,,,,,,,,,,,,,,,,,,,
34,961,190115,CB,6093,none,FC15,before,0.0223,,,,,,,,,,,,,,,,,,,
34,962,190115,CB,6106,B,FC Unenriched,dead mycos %,NA,"No batch #, empty Bag",,,,,,,,,,,,,,,,,,
34,963,190115,CB,6027,none,FC15,before,0.01874,,,,,,,,,,,,,,,,,,,
34,964,190115,CB,6106,A,FC Unenriched,extra roots,0.41614,no batch # on bag,,,,,,,,,,,,,,,,,,
34,965,190115,CB,6026,none,FC15,before,0.02305,,,,,,,,,,,,,,,,,,,
34,966,190115,CB,6107,B,FC Unenriched,extra roots,0.45407,unenriched,,,,,,,,,,,,,,,,,,
34,967,190116,CB,6106,B, FC Unenriched,mycos for isotopes,0.0029,not for %,,,,,,,,,,,,,,,,,,
34,968,190116,CB,6106,A, FC Unenriched,mycos %,0.01337,,,,,,,,,,,,,,,,,,,
34,969,190116,CB,6106,A,FC Unenriched,other %,0.03955,,,,,,,,,,,,,,,,,,,
34,970,190116,CB,6106,A,FC Unenriched,rhizos,NA,,,,,,,,,,,,,,,,,,,
34,971,190116,CB,6106,A,FC Unenriched,NM%,0.02094,,,,,,,,,,,,,,,,,,,
34,972,190116,CB,6106,B,FC Unenriched,NM%,0.02799,,,,,,,,,,,,,,,,,,,
34,973,190116,CB,6107,AR,FC Unenriched,crust,NA,unenriched,,,,,,,,,,,,,,,,,,
34,974,190116,CB,6106,B,FC Unenriched,extra roots,0.68613,,,,,,,,,,,,,,,,,,,
34,975,190116,CB,6107,none,FC Unenriched,Shoot,0.7206,No N,,,,,,,,,,,,,,,,,,
34,976,190116,CB,6107,B,FC Unenriched,extra mycos,0.00422,No N,,,,,,,,,,,,,,,,,,
34,977,190116,CB,6107,B,FC Unenriched,mycos %,0.00143,No N,,,,,,,,,,,,,,,,,,
34,978,190116,CB,6107,B,FC Unenriched,other %,0.00267,No N,,,,,,,,,,,,,,,,,,
34,979,190116,CB,6107,B,FC Unenriched,NM %,0.03832,No N,,,,,,,,,,,,,,,,,,
34,980,190116,CB,6107,A,FC Unenriched,mycos %,0.01315,No N,,,,,,,,,,,,,,,,,,
34,981,190116,CB,6107,A,FC Unenriched,other %,0.00419,No N,,,,,,,,,,,,,,,,,,
34,982,190116,CB,6107,A,FC Unenriched,rhizos,NA,No N,,,,,,,,,,,,,,,,,,
34,983,190116,CB,6107,A,FC Unenriched,extra roots,0.21812,No N,,,,,,,,,,,,,,,,,,
34,983,190116,CB,6107,A,FC Unenriched,NM %,0.0123,No N,,,,,,,,,,,,,,,,,,
35,985,190115,CB,6073,none,FC Baseline,shoot,1.59837,171026CB,,,,,,,,,,,,,,,,,,
35,986,190115,CB,6073,B,FC Baseline,mycos %,0.01424,"13C, 15N 171026CB",,,,,,,,,,,,,,,,,,
35,987,190115,CB,6073,B,FC Baseline,fine roots %,0.01061,unenriched 171026CB,,,,,,,,,,,,,,,,,,
35,988,190115,CB,6105,A,FC Baseline,mycos %,0.00681,after o/n in fridge 171026CB,Laura added % because it seems likely to be what she meant when originally labeling envelope.,,,,,,,,,,,,,,,,,
35,989,190115,CB,6073,B,FC Baseline,other roots %,0.16256,171026CB,Added %,,,,,,,,,,,,,,,,,
35,990,190115,CB,6073,B,FC Baseline,extra roots,0.48232,171026CB,,,,,,,,,,,,,,,,,,
35,991,190115,CB,6015,A,FC Baseline,bulk roots,0.08051,after o/n in fridge 171026CB,,,,,,,,,,,,,,,,,,
35,992,190115,CB,6015,A,FC Baseline,rhizomorphs,0.00416,after o/n in fridge 171026CB,,,,,,,,,,,,,,,,,,
35,993,190115,CB,6015,B,FC Baseline,fine roots %,0.00311,after o/n in fridge 171026CB,added %,,,,,,,,,,,,,,,,,
35,994,190115,CB,6015,B,FC Baseline,bulk roots,0.21916,after o/n in fridge 171026CB,,,,,,,,,,,,,,,,,,
35,995,190115,CB,6015,B,FC Baseline,coarse roots NM %,0.04535,after o/n in fridge 171026CB,added %,,,,,,,,,,,,,,,,,
35,996,190115,CB,6073,B,FC Baseline,hyphae,NA,171026CB; 15 mins worth of hyphae,,,,,,,,,,,,,,,,,,
35,997,190115,CB,6105,B,FC Baseline,mycos %,0.0061,after o/n in fridge 171026CB,added %,,,,,,,,,,,,,,,,,
35,998,190115,CB,6073,RA,FC Baseline,crusts,NA,171027CB,,,,,,,,,,,,,,,,,,
35,999,190115,CB,6073,A,FC Baseline,hyphae,NA,some words I can't read on here! 171027CB,,,,,,,,,,,,,,,,,,
35,1000,190115,CB,6073,A,FC Baseline,other roots,0.01445,171027CB,,,,,,,,,,,,,,,,,,
35,1001,190115,CB,6073,A,FC Baseline,fine roots %,0.00646,171027CB,added %,,,,,,,,,,,,,,,,,
35,1002,190115,CB,6073,A,FC Baseline,mycos %,0.032,171027CB,added %,,,,,,,,,,,,,,,,,
35,1003,190115,CB,6106,none,FC Baseline,shoot,3.06551,180130,,,,,,,,,,,,,,,,,,
35,1004,190115,CB,6006,none,FC15,before,0.01225,,,,,,,,,,,,,,,,,,,
35,1005,190115,CB,6024,none,FC14,before,0.02365,,,,,,,,,,,,,,,,,,,
35,1006,190115,CB,6023,none,FC14,before,0.01181,,,,,,,,,,,,,,,,,,,
35,1007,190115,CB,6070,none,FC14,before,0.01179,,,,,,,,,,,,,,,,,,,
35,1008,190115,CB,6038,none,FC14,before,0.00449,,,,,,,,,,,,,,,,,,,
35,1009,190115,CB,6010,none,FC16,before,0.02028,,,,,,,,,,,,,,,,,,,
35,1010,190115,CB,6103,none,FC16,before,0.02573,,,,,,,,,,,,,,,,,,,
35,1011,190115,CB,6102,none,FC16,before,0.03362,,,,,,,,,,,,,,,,,,,
35,1012,190115,CB,6099,none,FC16,before,0.03633,,,,,,,,,,,,,,,,,,,
,,,,,,,,,,,,,,,,,,,,,,,,,,,
,,,,,,,,,,,,,,,,,,,,,,,,,,,
,,,,,,,,,,,,,,,,,,,,,,,,,,,
,,,,,,,,,,,,,,,,,,,,,,,,,,,
,,,,,,,,,,,,,,,,,,,,,,,,,,,
,,,,,,,,,,,,,,,,,,,,,,,,,,,
,,,,,,,,,,,,,,,,,,,,,,,,,,,
,,,,,,,,,,,,,,,,,,,,,,,,,,,